,Unnamed: 0,Date,24HourSnow
0,1,11/2/08,0.0
1,2,11/3/08,0.0
2,3,11/4/08,0.5
3,4,11/5/08,2.0
4,5,11/6/08,2.0
5,6,11/7/08,0.0
6,7,11/8/08,0.0
7,8,11/9/08,0.0
8,9,11/10/08,0.0
9,10,11/11/08,0.0
10,11,11/12/08,0.0
11,12,11/13/08,0.0
12,13,11/14/08,0.0
13,14,11/15/08,0.0
14,15,11/16/08,0.0
15,16,11/17/08,0.0
16,17,11/18/08,0.0
17,18,11/19/08,0.0
18,19,11/20/08,0.0
19,20,11/21/08,1.0
20,21,11/22/08,2.0
21,22,11/23/08,0.0
22,23,11/24/08,0.0
23,24,11/25/08,0.0
24,25,11/26/08,0.0
25,26,11/27/08,0.0
26,27,11/28/08,0.0
27,28,11/29/08,0.0
28,29,11/30/08,0.0
29,30,12/1/08,0.0
30,31,12/2/08,0.0
31,32,12/3/08,0.0
32,33,12/4/08,0.0
33,34,12/5/08,0.0
34,35,12/6/08,0.0
35,36,12/7/08,0.0
36,37,12/8/08,1.0
37,38,12/9/08,0.0
38,39,12/10/08,0.0
39,40,12/11/08,0.0
40,41,12/12/08,0.0
41,42,12/13/08,16.5
42,43,12/14/08,6.0
43,44,12/15/08,0.5
44,45,12/16/08,0.0
45,46,12/17/08,3.0
46,47,12/18/08,25.0
47,48,12/19/08,8.0
48,49,12/20/08,0.0
49,50,12/21/08,6.0
50,51,12/22/08,6.0
51,52,12/23/08,0.0
52,53,12/24/08,3.0
53,54,12/25/08,13.0
54,55,12/26/08,5.0
55,56,12/27/08,10.0
56,57,12/28/08,12.0
57,58,12/29/08,5.0
58,59,12/30/08,6.5
59,60,12/31/08,4.0
60,61,1/1/09,20.0
61,62,1/2/09,3.5
62,63,1/3/09,5.0
63,64,1/4/09,4.0
64,65,1/5/09,12.0
65,66,1/6/09,9.0
66,67,1/7/09,0.0
67,68,1/8/09,0.0
68,69,1/9/09,3.5
69,70,1/10/09,0.0
70,71,1/11/09,7.0
71,72,1/12/09,0.0
72,73,1/13/09,0.0
73,74,1/14/09,0.0
74,75,1/15/09,0.0
75,76,1/16/09,0.0
76,77,1/17/09,0.0
77,78,1/18/09,0.0
78,79,1/19/09,0.0
79,80,1/20/09,0.0
80,81,1/21/09,0.0
81,82,1/22/09,0.0
82,83,1/23/09,0.0
83,84,1/24/09,0.0
84,85,1/25/09,1.5
85,86,1/26/09,0.5
86,87,1/27/09,1.0
87,88,1/28/09,6.0
88,89,1/29/09,0.0
89,90,1/30/09,0.0
90,91,1/31/09,1.0
91,92,2/1/09,0.0
92,93,2/2/09,0.0
93,94,2/3/09,0.0
94,95,2/4/09,0.0
95,96,2/5/09,0.0
96,97,2/6/09,0.0
97,98,2/7/09,0.0
98,99,2/8/09,0.0
99,100,2/9/09,0.0
100,101,2/10/09,1.5
101,102,2/11/09,4.0
102,103,2/12/09,0.0
103,104,2/13/09,0.0
104,105,2/14/09,0.0
105,106,2/15/09,0.0
106,107,2/16/09,1.5
107,108,2/17/09,0.0
108,109,2/18/09,0.0
109,110,2/19/09,0.0
110,111,2/20/09,0.0
111,112,2/21/09,0.0
112,113,2/22/09,0.0
113,114,2/23/09,1.0
114,115,2/24/09,2.0
115,116,2/25/09,4.0
116,117,2/26/09,7.0
117,118,2/27/09,3.0
118,119,2/28/09,0.0
119,120,3/1/09,0.5
120,121,3/2/09,0.5
121,122,3/3/09,1.0
122,123,3/4/09,5.0
123,124,3/5/09,6.0
124,125,3/6/09,14.0
125,126,3/7/09,0.0
126,127,3/8/09,12.5
127,128,3/9/09,5.0
128,129,3/10/09,8.0
129,130,3/11/09,0.0
130,131,3/12/09,0.0
131,132,3/13/09,0.0
132,133,3/14/09,0.5
133,134,3/15/09,14.0
134,135,3/16/09,16.5
135,136,3/17/09,13.0
136,137,3/18/09,2.0
137,138,3/19/09,0.0
138,139,3/20/09,0.0
139,140,3/21/09,0.0
140,141,3/22/09,0.0
141,142,3/23/09,1.0
142,143,3/24/09,7.0
143,144,3/25/09,16.5
144,145,3/26/09,1.0
145,146,3/27/09,0.0
146,147,3/28/09,0.0
147,148,3/29/09,9.5
148,149,3/30/09,0.0
149,150,3/31/09,9.5
150,151,4/1/09,10.0
151,152,4/2/09,11.0
152,153,4/3/09,14.0
153,154,4/4/09,0.0
154,155,4/5/09,0.0
155,156,4/6/09,0.0
156,157,4/7/09,0.0
157,158,4/8/09,0.0
158,159,4/9/09,0.0
159,160,4/10/09,0.0
160,161,4/11/09,0.0
161,162,4/12/09,0.0
162,163,4/13/09,4.0
163,164,4/14/09,5.0
164,165,4/15/09,0.0
165,166,4/16/09,0.0
166,167,4/17/09,0.0
167,168,4/18/09,0.0
168,169,4/19/09,0.0
169,170,4/20/09,0.0
170,171,4/21/09,0.0
171,172,4/22/09,0.0
172,173,4/23/09,2.0
173,174,4/24/09,0.0
174,175,4/25/09,0.0
175,176,4/26/09,0.0
176,177,4/27/09,0.0
177,178,4/28/09,0.0
178,179,4/29/09,0.0
179,180,4/30/09,0.0
180,181,11/1/09,0.0
181,182,11/2/09,0.0
182,183,11/3/09,0.0
183,184,11/4/09,0.0
184,185,11/5/09,0.0
185,186,11/6/09,0.0
186,187,11/7/09,6.0
187,188,11/8/09,5.0
188,189,11/9/09,2.0
189,190,11/10/09,1.0
190,191,11/11/09,2.0
191,192,11/12/09,0.0
192,193,11/13/09,0.0
193,194,11/14/09,10.0
194,195,11/15/09,2.0
195,196,11/16/09,7.0
196,197,11/17/09,1.0
197,198,11/18/09,8.0
198,199,11/19/09,11.0
199,200,11/20/09,8.0
200,201,11/21/09,2.0
201,202,11/22/09,5.5
202,203,11/23/09,8.0
203,204,11/24/09,0.0
204,205,11/25/09,0.0
205,206,11/26/09,0.0
206,207,11/27/09,0.5
207,208,11/28/09,0.0
208,209,11/29/09,0.0
209,210,11/30/09,0.0
210,211,12/1/09,0.0
211,212,12/2/09,0.0
212,213,12/3/09,0.0
213,214,12/4/09,0.0
214,215,12/5/09,0.0
215,216,12/6/09,2.5
216,217,12/7/09,5.0
217,218,12/8/09,0.0
218,219,12/9/09,0.0
219,220,12/10/09,0.0
220,221,12/11/09,0.0
221,222,12/12/09,0.0
222,223,12/13/09,0.0
223,224,12/14/09,5.0
224,225,12/15/09,7.0
225,226,12/16/09,4.5
226,227,12/17/09,5.0
227,228,12/18/09,0.0
228,229,12/19/09,0.0
229,230,12/20/09,0.0
230,231,12/21/09,1.5
231,232,12/22/09,3.0
232,233,12/23/09,0.0
233,234,12/24/09,0.0
234,235,12/25/09,0.0
235,236,12/26/09,0.0
236,237,12/27/09,0.0
237,238,12/28/09,1.0
238,239,12/29/09,1.0
239,240,12/30/09,3.0
240,241,12/31/09,5.0
241,242,1/1/10,4.0
242,243,1/2/10,4.5
243,244,1/3/10,0.0
244,245,1/4/10,1.0
245,246,1/5/10,7.5
246,247,1/6/10,0.0
247,248,1/7/10,0.0
248,249,1/8/10,1.0
249,250,1/9/10,3.5
250,251,1/10/10,0.0
251,252,1/11/10,0.0
252,253,1/12/10,0.0
253,254,1/13/10,0.0
254,255,1/14/10,1.0
255,256,1/15/10,3.0
256,257,1/16/10,1.5
257,258,1/17/10,2.5
258,259,1/18/10,0.0
259,260,1/19/10,0.0
260,261,1/20/10,0.0
261,262,1/21/10,0.0
262,263,1/22/10,0.0
263,264,1/23/10,1.0
264,265,1/24/10,0.0
265,266,1/25/10,11.5
266,267,1/26/10,0.0
267,268,1/27/10,0.0
268,269,1/28/10,0.0
269,270,1/29/10,0.0
270,271,1/30/10,2.0
271,272,1/31/10,0.0
272,273,2/1/10,0.0
273,274,2/2/10,2.0
274,275,2/3/10,0.0
275,276,2/4/10,0.0
276,277,2/5/10,0.0
277,278,2/6/10,0.0
278,279,2/7/10,1.0
279,280,2/8/10,0.0
280,281,2/9/10,0.0
281,282,2/10/10,0.0
282,283,2/11/10,3.0
283,284,2/12/10,1.0
284,285,2/13/10,0.5
285,286,2/14/10,0.0
286,287,2/15/10,0.0
287,288,2/16/10,1.0
288,289,2/17/10,0.0
289,290,2/18/10,0.0
290,291,2/19/10,0.0
291,292,2/20/10,0.0
292,293,2/21/10,0.0
293,294,2/22/10,0.0
294,295,2/23/10,0.0
295,296,2/24/10,3.0
296,297,2/25/10,1.0
297,298,2/26/10,0.0
298,299,2/27/10,0.0
299,300,2/28/10,0.0
300,301,3/1/10,0.0
301,302,3/2/10,0.0
302,303,3/3/10,0.0
303,304,3/4/10,0.0
304,305,3/5/10,0.0
305,306,3/6/10,0.0
306,307,3/7/10,0.0
307,308,3/8/10,1.5
308,309,3/9/10,1.0
309,310,3/10/10,1.0
310,311,3/11/10,3.0
311,312,3/12/10,14.0
312,313,3/13/10,2.0
313,314,3/14/10,0.5
314,315,3/15/10,0.0
315,316,3/16/10,0.0
316,317,3/17/10,1.5
317,318,3/18/10,0.0
318,319,3/19/10,0.0
319,320,3/20/10,0.0
320,321,3/21/10,0.0
321,322,3/22/10,0.5
322,323,3/23/10,0.0
323,324,3/24/10,0.0
324,325,3/25/10,0.0
325,326,3/26/10,4.0
326,327,3/27/10,0.0
327,328,3/28/10,0.0
328,329,3/29/10,3.0
329,330,3/30/10,16.0
330,331,3/31/10,2.0
331,332,4/1/10,0.0
332,333,4/2/10,0.0
333,334,4/3/10,18.0
334,335,4/4/10,3.0
335,336,4/5/10,8.0
336,337,4/6/10,3.0
337,338,4/7/10,3.0
338,339,4/8/10,5.0
339,340,4/9/10,9.0
340,341,4/10/10,0.0
341,342,4/11/10,0.0
342,343,4/12/10,0.0
343,344,4/13/10,0.0
344,345,4/14/10,0.0
345,346,4/15/10,0.0
346,347,4/16/10,0.0
347,348,4/17/10,0.0
348,349,4/18/10,0.0
349,350,4/19/10,0.0
350,351,4/20/10,0.0
351,352,4/21/10,0.0
352,353,4/22/10,0.0
353,354,4/23/10,0.0
354,355,4/24/10,0.0
355,356,4/25/10,1.0
356,357,4/26/10,0.0
357,358,4/27/10,0.0
358,359,4/28/10,0.0
359,360,4/29/10,4.0
360,361,4/30/10,0.0
361,362,11/1/10,0.0
362,363,11/2/10,0.0
363,364,11/3/10,0.0
364,365,11/4/10,0.0
365,366,11/5/10,0.0
366,367,11/6/10,0.0
367,368,11/7/10,0.0
368,369,11/8/10,0.0
369,370,11/9/10,0.0
370,371,11/10/10,4.0
371,372,11/11/10,0.0
372,373,11/12/10,1.5
373,374,11/13/10,1.0
374,375,11/14/10,0.0
375,376,11/15/10,0.0
376,377,11/16/10,0.5
377,378,11/17/10,0.0
378,379,11/18/10,14.0
379,380,11/19/10,7.0
380,381,11/20/10,1.0
381,382,11/21/10,0.0
382,383,11/22/10,12.0
383,384,11/23/10,16.0
384,385,11/24/10,0.0
385,386,11/25/10,0.0
386,387,11/26/10,6.0
387,388,11/27/10,3.0
388,389,11/28/10,4.5
389,390,11/29/10,1.0
390,391,11/30/10,7.0
391,392,12/1/10,11.0
392,393,12/2/10,0.5
393,394,12/3/10,1.0
394,395,12/4/10,0.0
395,396,12/5/10,0.0
396,397,12/6/10,0.0
397,398,12/7/10,0.0
398,399,12/8/10,7.0
399,400,12/9/10,7.5
400,401,12/10/10,10.0
401,402,12/11/10,1.0
402,403,12/12/10,7.0
403,404,12/13/10,0.0
404,405,12/14/10,3.0
405,406,12/15/10,12.0
406,407,12/16/10,5.0
407,408,12/17/10,0.0
408,409,12/18/10,0.0
409,410,12/19/10,3.5
410,411,12/20/10,3.0
411,412,12/21/10,2.0
412,413,12/22/10,0.0
413,414,12/23/10,0.0
414,415,12/24/10,0.0
415,416,12/25/10,7.0
416,417,12/26/10,1.0
417,418,12/27/10,9.0
418,419,12/28/10,6.0
419,420,12/29/10,3.0
420,421,12/30/10,12.0
421,422,12/31/10,0.0
422,423,1/1/11,0.0
423,424,1/2/11,0.0
424,425,1/3/11,0.0
425,426,1/4/11,0.0
426,427,1/5/11,1.5
427,428,1/6/11,3.5
428,429,1/7/11,0.0
429,430,1/8/11,7.0
430,431,1/9/11,6.0
431,432,1/10/11,6.0
432,433,1/11/11,0.0
433,434,1/12/11,9.5
434,435,1/13/11,8.0
435,436,1/14/11,0.0
436,437,1/15/11,0.0
437,438,1/16/11,0.0
438,439,1/17/11,0.0
439,440,1/18/11,0.5
440,441,1/19/11,3.0
441,442,1/20/11,0.0
442,443,1/21/11,2.0
443,444,1/22/11,0.0
444,445,1/23/11,1.0
445,446,1/24/11,0.0
446,447,1/25/11,0.0
447,448,1/26/11,0.0
448,449,1/27/11,0.0
449,450,1/28/11,0.0
450,451,1/29/11,0.0
451,452,1/30/11,0.0
452,453,1/31/11,0.0
453,454,2/1/11,0.0
454,455,2/2/11,0.0
455,456,2/3/11,0.0
456,457,2/4/11,0.0
457,458,2/5/11,0.0
458,459,2/6/11,0.5
459,460,2/7/11,1.5
460,461,2/8/11,3.5
461,462,2/9/11,0.0
462,463,2/10/11,0.0
463,464,2/11/11,0.0
464,465,2/12/11,0.0
465,466,2/13/11,3.0
466,467,2/14/11,1.0
467,468,2/15/11,1.5
468,469,2/16/11,2.0
469,470,2/17/11,1.0
470,471,2/18/11,0.0
471,472,2/19/11,0.0
472,473,2/20/11,0.0
473,474,2/21/11,0.0
474,475,2/22/11,11.0
475,476,2/23/11,15.0
476,477,2/24/11,12.5
477,478,2/25/11,0.0
478,479,2/26/11,0.0
479,480,2/27/11,5.0
480,481,2/28/11,20.0
481,482,3/1/11,13.0
482,483,3/2/11,6.0
483,484,3/3/11,5.5
484,485,3/4/11,7.0
485,486,3/5/11,7.0
486,487,3/6/11,0.0
487,488,3/7/11,0.0
488,489,3/8/11,2.0
489,490,3/9/11,6.0
490,491,3/10/11,7.0
491,492,3/11/11,3.0
492,493,3/12/11,0.0
493,494,3/13/11,0.5
494,495,3/14/11,1.5
495,496,3/15/11,1.5
496,497,3/16/11,4.0
497,498,3/17/11,2.0
498,499,3/18/11,0.0
499,500,3/19/11,10.0
500,501,3/20/11,0.0
501,502,3/21/11,0.0
502,503,3/22/11,1.5
503,504,3/23/11,0.0
504,505,3/24/11,0.0
505,506,3/25/11,8.0
506,507,3/26/11,0.0
507,508,3/27/11,2.5
508,509,3/28/11,1.5
509,510,3/29/11,2.0
510,511,3/30/11,2.0
511,512,3/31/11,0.0
512,513,4/1/11,0.0
513,514,4/2/11,4.5
514,515,4/3/11,11.0
515,516,4/4/11,3.0
516,517,4/5/11,6.0
517,518,4/6/11,14.0
518,519,4/7/11,3.0
519,520,4/8/11,0.0
520,521,4/9/11,0.0
521,522,4/10/11,0.0
522,523,4/11/11,1.0
523,524,4/12/11,2.0
524,525,4/13/11,0.0
525,526,4/14/11,6.0
526,527,4/15/11,12.0
527,528,4/16/11,0.0
528,529,4/17/11,0.0
529,530,4/18/11,0.0
530,531,4/19/11,2.0
531,532,4/20/11,0.0
532,533,4/21/11,3.0
533,534,4/22/11,4.0
534,535,4/23/11,0.0
535,536,4/24/11,0.0
536,537,4/25/11,0.0
537,538,4/26/11,2.0
538,539,4/27/11,0.0
539,540,4/28/11,7.5
540,541,4/29/11,3.0
541,542,4/30/11,0.0
542,543,11/1/11,0.0
543,544,11/2/11,0.0
544,545,11/3/11,1.0
545,546,11/4/11,0.0
546,547,11/5/11,0.0
547,548,11/6/11,0.0
548,549,11/7/11,0.0
549,550,11/8/11,0.0
550,551,11/9/11,0.0
551,552,11/10/11,0.0
552,553,11/11/11,0.0
553,554,11/12/11,5.0
554,555,11/13/11,2.0
555,556,11/14/11,5.0
556,557,11/15/11,9.0
557,558,11/16/11,0.0
558,559,11/17/11,8.0
559,560,11/18/11,12.0
560,561,11/19/11,0.0
561,562,11/20/11,0.0
562,563,11/21/11,2.0
563,564,11/22/11,14.0
564,565,11/23/11,12.0
565,566,11/24/11,1.0
566,567,11/25/11,9.5
567,568,11/26/11,0.0
568,569,11/27/11,0.0
569,570,11/28/11,1.0
570,571,11/29/11,0.0
571,572,11/30/11,5.0
572,573,12/1/11,0.0
573,574,12/2/11,0.5
574,575,12/3/11,0.0
575,576,12/4/11,0.0
576,577,12/5/11,0.0
577,578,12/6/11,0.0
578,579,12/7/11,0.0
579,580,12/8/11,0.0
580,581,12/9/11,0.0
581,582,12/10/11,0.0
582,583,12/11/11,0.0
583,584,12/12/11,0.0
584,585,12/13/11,0.0
585,586,12/14/11,0.0
586,587,12/15/11,2.0
587,588,12/16/11,1.0
588,589,12/17/11,0.0
589,590,12/18/11,0.0
590,591,12/19/11,0.0
591,592,12/20/11,0.0
592,593,12/21/11,5.0
593,594,12/22/11,0.0
594,595,12/23/11,0.0
595,596,12/24/11,0.0
596,597,12/25/11,0.0
597,598,12/26/11,2.0
598,599,12/27/11,2.5
599,600,12/28/11,0.0
600,601,12/29/11,0.5
601,602,12/30/11,6.0
602,603,12/31/11,10.0
603,604,1/1/12,1.5
604,605,1/2/12,0.0
605,606,1/3/12,4.0
606,607,1/4/12,0.0
607,608,1/5/12,0.5
608,609,1/6/12,1.0
609,610,1/7/12,0.0
610,611,1/8/12,0.0
611,612,1/9/12,0.0
612,613,1/10/12,0.0
613,614,1/11/12,0.0
614,615,1/12/12,0.0
615,616,1/13/12,0.0
616,617,1/14/12,0.0
617,618,1/15/12,7.0
618,619,1/16/12,6.0
619,620,1/17/12,25.5
620,621,1/18/12,11.0
621,622,1/19/12,7.5
622,623,1/20/12,8.0
623,624,1/21/12,10.0
624,625,1/22/12,3.5
625,626,1/23/12,8.0
626,627,1/24/12,0.0
627,628,1/25/12,3.0
628,629,1/26/12,10.0
629,630,1/27/12,5.0
630,631,1/28/12,0.0
631,632,1/29/12,0.0
632,633,1/30/12,2.5
633,634,1/31/12,0.0
634,635,2/1/12,3.5
635,636,2/2/12,2.0
636,637,2/3/12,0.0
637,638,2/4/12,0.0
638,639,2/5/12,0.0
639,640,2/6/12,0.0
640,641,2/7/12,0.0
641,642,2/8/12,1.5
642,643,2/9/12,1.0
643,644,2/10/12,0.0
644,645,2/11/12,0.0
645,646,2/12/12,0.0
646,647,2/13/12,0.5
647,648,2/14/12,0.5
648,649,2/15/12,2.0
649,650,2/16/12,0.0
650,651,2/17/12,0.0
651,652,2/18/12,28.0
652,653,2/19/12,19.5
653,654,2/20/12,0.0
654,655,2/21/12,4.0
655,656,2/22/12,2.0
656,657,2/23/12,13.0
657,658,2/24/12,1.0
658,659,2/25/12,10.0
659,660,2/26/12,12.0
660,661,2/27/12,3.0
661,662,2/28/12,0.0
662,663,2/29/12,3.5
663,664,3/1/12,14.0
664,665,3/2/12,3.0
665,666,3/3/12,4.0
666,667,3/4/12,0.0
667,668,3/5/12,0.0
668,669,3/6/12,7.0
669,670,3/7/12,2.0
670,671,3/8/12,0.0
671,672,3/9/12,0.0
672,673,3/10/12,0.0
673,674,3/11/12,1.0
674,675,3/12/12,5.0
675,676,3/13/12,14.5
676,677,3/14/12,6.5
677,678,3/15/12,15.5
678,679,3/16/12,5.0
679,680,3/17/12,2.5
680,681,3/18/12,1.0
681,682,3/19/12,2.0
682,683,3/20/12,4.5
683,684,3/21/12,19.0
684,685,3/22/12,3.5
685,686,3/23/12,0.0
686,687,3/24/12,0.0
687,688,3/25/12,0.0
688,689,3/26/12,0.0
689,690,3/27/12,1.0
690,691,3/28/12,0.0
691,692,3/29/12,6.0
692,693,3/30/12,6.5
693,694,3/31/12,1.0
694,695,4/1/12,6.0
695,696,4/2/12,4.5
696,697,4/3/12,0.0
697,698,4/4/12,0.0
698,699,4/5/12,0.0
699,700,4/6/12,0.0
700,701,4/7/12,0.0
701,702,4/8/12,0.0
702,703,4/9/12,0.0
703,704,4/10/12,0.0
704,705,4/11/12,0.0
705,706,4/12/12,0.0
706,707,4/13/12,0.0
707,708,4/14/12,0.0
708,709,4/15/12,0.0
709,710,4/16/12,0.0
710,711,4/17/12,0.0
711,712,4/18/12,1.0
712,713,4/19/12,0.0
713,714,4/20/12,0.0
714,715,4/21/12,0.0
715,716,4/22/12,0.0
716,717,4/23/12,0.0
717,718,4/24/12,0.0
718,719,4/25/12,0.0
719,720,4/26/12,0.0
720,721,4/27/12,5.0
721,722,4/28/12,0.0
722,723,4/29/12,0.0
723,724,4/30/12,0.0
724,725,11/1/12,0.0
725,726,11/2/12,0.0
726,727,11/3/12,0.0
727,728,11/4/12,0.0
728,729,11/5/12,0.0
729,730,11/6/12,0.0
730,731,11/7/12,0.0
731,732,11/8/12,0.0
732,733,11/9/12,0.0
733,734,11/10/12,0.0
734,735,11/11/12,1.0
735,736,11/12/12,11.5
736,737,11/13/12,0.0
737,738,11/14/12,0.0
738,739,11/15/12,0.0
739,740,11/16/12,0.0
740,741,11/17/12,0.0
741,742,11/18/12,2.0
742,743,11/19/12,8.5
743,744,11/20/12,1.0
744,745,11/21/12,0.0
745,746,11/22/12,6.0
746,747,11/23/12,0.0
747,748,11/24/12,0.0
748,749,11/25/12,0.0
749,750,11/26/12,0.0
750,751,11/27/12,0.0
751,752,11/28/12,0.0
752,753,11/29/12,1.0
753,754,11/30/12,1.5
754,755,12/1/12,0.0
755,756,12/2/12,1.0
756,757,12/3/12,2.0
757,758,12/4/12,1.0
758,759,12/5/12,3.0
759,760,12/6/12,2.0
760,761,12/7/12,17.0
761,762,12/8/12,5.5
762,763,12/9/12,1.5
763,764,12/10/12,2.0
764,765,12/11/12,0.0
765,766,12/12/12,5.0
766,767,12/13/12,1.5
767,768,12/14/12,5.0
768,769,12/15/12,1.0
769,770,12/16/12,8.0
770,771,12/17/12,15.0
771,772,12/18/12,7.0
772,773,12/19/12,7.0
773,774,12/20/12,18.0
774,775,12/21/12,4.0
775,776,12/22/12,1.0
776,777,12/23/12,0.5
777,778,12/24/12,7.0
778,779,12/25/12,2.0
779,780,12/26/12,6.5
780,781,12/27/12,6.0
781,782,12/28/12,2.0
782,783,12/29/12,0.0
783,784,12/30/12,0.5
784,785,12/31/12,0.0
785,786,1/1/13,0.0
786,787,1/2/13,0.0
787,788,1/3/13,0.0
788,789,1/4/13,4.0
789,790,1/5/13,0.5
790,791,1/6/13,2.5
791,792,1/7/13,11.0
792,793,1/8/13,2.0
793,794,1/9/13,2.0
794,795,1/10/13,6.0
795,796,1/11/13,2.0
796,797,1/12/13,0.0
797,798,1/13/13,0.0
798,799,1/14/13,0.0
799,800,1/15/13,0.0
800,801,1/16/13,0.0
801,802,1/17/13,0.0
802,803,1/18/13,0.0
803,804,1/19/13,0.0
804,805,1/20/13,0.0
805,806,1/21/13,0.0
806,807,1/22/13,0.0
807,808,1/23/13,0.0
808,809,1/24/13,3.0
809,810,1/25/13,2.0
810,811,1/26/13,0.0
811,812,1/27/13,5.0
812,813,1/28/13,9.0
813,814,1/29/13,16.0
814,815,1/30/13,1.0
815,816,1/31/13,0.0
816,817,2/1/13,0.0
817,818,2/2/13,0.0
818,819,2/3/13,0.0
819,820,2/4/13,1.0
820,821,2/5/13,0.0
821,822,2/6/13,6.0
822,823,2/7/13,3.0
823,824,2/8/13,0.0
824,825,2/9/13,0.0
825,826,2/10/13,0.0
826,827,2/11/13,0.0
827,828,2/12/13,0.0
828,829,2/13/13,0.0
829,830,2/14/13,0.5
830,831,2/15/13,0.0
831,832,2/16/13,0.0
832,833,2/17/13,10.0
833,834,2/18/13,0.0
834,835,2/19/13,0.0
835,836,2/20/13,0.0
836,837,2/21/13,1.0
837,838,2/22/13,10.0
838,839,2/23/13,7.0
839,840,2/24/13,9.5
840,841,2/25/13,7.5
841,842,2/26/13,5.0
842,843,2/27/13,4.0
843,844,2/28/13,1.0
844,845,3/1/13,3.5
845,846,3/2/13,0.0
846,847,3/3/13,7.0
847,848,3/4/13,0.5
848,849,3/5/13,0.0
849,850,3/6/13,0.0
850,851,3/7/13,6.5
851,852,3/8/13,0.0
852,853,3/9/13,0.0
853,854,3/10/13,0.0
854,855,3/11/13,0.0
855,856,3/12/13,0.0
856,857,3/13/13,0.0
857,858,3/14/13,0.0
858,859,3/15/13,0.0
859,860,3/16/13,0.0
860,861,3/17/13,5.5
861,862,3/18/13,10.0
862,863,3/19/13,3.0
863,864,3/20/13,8.0
864,865,3/21/13,5.5
865,866,3/22/13,10.0
866,867,3/23/13,0.0
867,868,3/24/13,0.0
868,869,3/25/13,0.0
869,870,3/26/13,0.0
870,871,3/27/13,0.0
871,872,3/28/13,0.0
872,873,3/29/13,0.0
873,874,3/30/13,0.0
874,875,3/31/13,0.0
875,876,4/1/13,0.0
876,877,4/2/13,0.0
877,878,4/3/13,0.0
878,879,4/4/13,0.0
879,880,4/5/13,0.0
880,881,4/6/13,0.0
881,882,4/7/13,4.0
882,883,4/8/13,7.0
883,884,4/9/13,0.0
884,885,4/10/13,0.0
885,886,4/11/13,0.0
886,887,4/12/13,0.0
887,888,4/13/13,6.0
888,889,4/14/13,20.0
889,890,4/15/13,1.5
890,891,4/16/13,6.0
891,892,4/17/13,0.0
892,893,4/18/13,0.0
893,894,4/19/13,0.0
894,895,4/20/13,0.0
895,896,4/21/13,0.0
896,897,4/22/13,0.0
897,898,4/23/13,0.0
898,899,4/24/13,0.0
899,900,4/25/13,0.0
900,901,4/26/13,0.0
901,902,4/27/13,0.0
902,903,4/28/13,0.0
903,904,4/29/13,2.0
904,905,4/30/13,15.0
905,906,11/1/13,0.0
906,907,11/2/13,0.0
907,908,11/3/13,2.0
908,909,11/4/13,1.5
909,910,11/5/13,2.5
910,911,11/6/13,0.0
911,912,11/7/13,0.0
912,913,11/8/13,1.0
913,914,11/9/13,0.0
914,915,11/10/13,0.0
915,916,11/11/13,0.0
916,917,11/12/13,0.0
917,918,11/13/13,0.0
918,919,11/14/13,0.0
919,920,11/15/13,0.0
920,921,11/16/13,13.0
921,922,11/17/13,4.0
922,923,11/18/13,0.0
923,924,11/19/13,0.0
924,925,11/20/13,0.0
925,926,11/21/13,0.0
926,927,11/22/13,0.0
927,928,11/23/13,0.0
928,929,11/24/13,0.0
929,930,11/25/13,0.0
930,931,11/26/13,0.0
931,932,11/27/13,0.0
932,933,11/28/13,0.0
933,934,11/29/13,0.0
934,935,11/30/13,0.0
935,936,12/1/13,0.0
936,937,12/2/13,1.0
937,938,12/3/13,6.0
938,939,12/4/13,0.0
939,940,12/5/13,0.0
940,941,12/6/13,0.0
941,942,12/7/13,0.0
942,943,12/8/13,0.0
943,944,12/9/13,0.0
944,945,12/10/13,0.0
945,946,12/11/13,0.0
946,947,12/12/13,0.0
947,948,12/13/13,3.0
948,949,12/14/13,0.0
949,950,12/15/13,0.0
950,951,12/16/13,0.0
951,952,12/17/13,0.0
952,953,12/18/13,0.0
953,954,12/19/13,1.0
954,955,12/20/13,0.5
955,956,12/21/13,4.0
956,957,12/22/13,0.0
957,958,12/23/13,0.0
958,959,12/24/13,4.0
959,960,12/25/13,0.0
960,961,12/26/13,0.0
961,962,12/27/13,0.0
962,963,12/28/13,0.0
963,964,12/29/13,0.0
964,965,12/30/13,0.0
965,966,12/31/13,0.5
966,967,1/1/14,0.0
967,968,1/2/14,0.0
968,969,1/3/14,3.0
969,970,1/4/14,0.5
970,971,1/5/14,0.0
971,972,1/6/14,0.0
972,973,1/7/14,0.0
973,974,1/8/14,2.0
974,975,1/9/14,11.5
975,976,1/10/14,3.5
976,977,1/11/14,0.0
977,978,1/12/14,8.0
978,979,1/13/14,5.0
979,980,1/14/14,0.0
980,981,1/15/14,0.0
981,982,1/16/14,0.0
982,983,1/17/14,0.0
983,984,1/18/14,0.0
984,985,1/19/14,0.0
985,986,1/20/14,0.0
986,987,1/21/14,0.0
987,988,1/22/14,0.0
988,989,1/23/14,0.0
989,990,1/24/14,0.0
990,991,1/25/14,0.0
991,992,1/26/14,0.0
992,993,1/27/14,0.0
993,994,1/28/14,1.0
994,995,1/29/14,7.0
995,996,1/30/14,8.5
996,997,1/31/14,7.0
997,998,2/1/14,1.0
998,999,2/2/14,0.0
999,1000,2/3/14,1.0
1000,1001,2/4/14,0.0
1001,1002,2/5/14,0.0
1002,1003,2/6/14,0.0
1003,1004,2/7/14,1.0
1004,1005,2/8/14,2.0
1005,1006,2/9/14,5.0
1006,1007,2/10/14,4.0
1007,1008,2/11/14,4.0
1008,1009,2/12/14,8.0
1009,1010,2/13/14,2.0
1010,1011,2/14/14,4.0
1011,1012,2/15/14,1.5
1012,1013,2/16/14,10.5
1013,1014,2/17/14,21.0
1014,1015,2/18/14,16.0
1015,1016,2/19/14,15.0
1016,1017,2/20/14,11.5
1017,1018,2/21/14,4.5
1018,1019,2/22/14,0.5
1019,1020,2/23/14,5.0
1020,1021,2/24/14,7.0
1021,1022,2/25/14,6.0
1022,1023,2/26/14,0.0
1023,1024,2/27/14,0.0
1024,1025,2/28/14,0.0
1025,1026,3/1/14,0.0
1026,1027,3/2/14,6.0
1027,1028,3/3/14,16.0
1028,1029,3/4/14,2.0
1029,1030,3/5/14,0.5
1030,1031,3/6/14,0.0
1031,1032,3/7/14,0.0
1032,1033,3/8/14,0.0
1033,1034,3/9/14,0.0
1034,1035,3/10/14,0.0
1035,1036,3/11/14,0.0
1036,1037,3/12/14,0.0
1037,1038,3/13/14,0.0
1038,1039,3/14/14,0.0
1039,1040,3/15/14,0.0
1040,1041,3/16/14,0.0
1041,1042,3/17/14,12.0
1042,1043,3/18/14,0.5
1043,1044,3/19/14,0.0
1044,1045,3/20/14,9.0
1045,1046,3/21/14,0.0
1046,1047,3/22/14,0.0
1047,1048,3/23/14,0.0
1048,1049,3/24/14,0.0
1049,1050,3/25/14,0.0
1050,1051,3/26/14,0.5
1051,1052,3/27/14,0.0
1052,1053,3/28/14,0.0
1053,1054,3/29/14,4.0
1054,1055,3/30/14,2.0
1055,1056,3/31/14,0.0
1056,1057,4/1/14,0.0
1057,1058,4/2/14,0.0
1058,1059,4/3/14,0.0
1059,1060,4/4/14,0.0
1060,1061,4/5/14,0.5
1061,1062,4/6/14,0.0
1062,1063,4/7/14,0.0
1063,1064,4/8/14,0.0
1064,1065,4/9/14,0.0
1065,1066,4/10/14,0.0
1066,1067,4/11/14,0.0
1067,1068,4/12/14,0.0
1068,1069,4/13/14,0.0
1069,1070,4/14/14,0.0
1070,1071,4/15/14,0.0
1071,1072,4/16/14,0.0
1072,1073,4/17/14,0.0
1073,1074,4/18/14,1.0
1074,1075,4/19/14,0.0
1075,1076,4/20/14,0.0
1076,1077,4/21/14,0.0
1077,1078,4/22/14,0.0
1078,1079,4/23/14,2.5
1079,1080,4/24/14,0.5
1080,1081,4/25/14,0.0
1081,1082,4/26/14,0.0
1082,1083,4/27/14,1.0
1083,1084,4/28/14,3.0
1084,1085,4/29/14,0.0
1085,1086,4/30/14,0.0
1086,1087,11/1/14,0.0
1087,1088,11/2/14,0.0
1088,1089,11/3/14,0.0
1089,1090,11/4/14,0.0
1090,1091,11/5/14,0.0
1091,1092,11/6/14,0.0
1092,1093,11/7/14,0.0
1093,1094,11/8/14,0.0
1094,1095,11/9/14,0.0
1095,1096,11/10/14,0.0
1096,1097,11/11/14,0.0
1097,1098,11/12/14,0.0
1098,1099,11/13/14,0.0
1099,1100,11/14/14,0.0
1100,1101,11/15/14,0.0
1101,1102,11/16/14,0.0
1102,1103,11/17/14,0.0
1103,1104,11/18/14,0.0
1104,1105,11/19/14,0.0
1105,1106,11/20/14,1.0
1106,1107,11/21/14,0.0
1107,1108,11/22/14,8.0
1108,1109,11/23/14,4.0
1109,1110,11/24/14,4.0
1110,1111,11/25/14,0.0
1111,1112,11/26/14,0.0
1112,1113,11/27/14,0.0
1113,1114,11/28/14,0.0
1114,1115,11/29/14,4.0
1115,1116,11/30/14,3.0
1116,1117,12/1/14,0.0
1117,1118,12/2/14,0.0
1118,1119,12/3/14,0.0
1119,1120,12/4/14,0.0
1120,1121,12/5/14,0.0
1121,1122,12/6/14,1.0
1122,1123,12/7/14,0.0
1123,1124,12/8/14,0.0
1124,1125,12/9/14,0.0
1125,1126,12/10/14,0.0
1126,1127,12/11/14,0.0
1127,1128,12/12/14,0.0
1128,1129,12/13/14,0.0
1129,1130,12/14/14,0.0
1130,1131,12/15/14,0.0
1131,1132,12/16/14,0.0
1132,1133,12/17/14,0.5
1133,1134,12/18/14,3.0
1134,1135,12/19/14,6.6
1135,1136,12/20/14,1.0
1136,1137,12/21/14,4.0
1137,1138,12/22/14,0.5
1138,1139,12/23/14,0.0
1139,1140,12/24/14,4.0
1140,1141,12/25/14,2.0
1141,1142,12/26/14,0.0
1142,1143,12/27/14,1.0
1143,1144,12/28/14,8.0
1144,1145,12/29/14,1.0
1145,1146,12/30/14,0.0
1146,1147,12/31/14,0.0
1147,1148,1/1/15,0.0
1148,1149,1/2/15,0.0
1149,1150,1/3/15,1.5
1150,1151,1/4/15,1.5
1151,1152,1/5/15,4.0
1152,1153,1/6/15,0.0
1153,1154,1/7/15,0.0
1154,1155,1/8/15,0.0
1155,1156,1/9/15,0.0
1156,1157,1/10/15,0.0
1157,1158,1/11/15,0.0
1158,1159,1/12/15,0.5
1159,1160,1/13/15,0.0
1160,1161,1/14/15,0.0
1161,1162,1/15/15,0.0
1162,1163,1/16/15,8.0
1163,1164,1/17/15,0.0
1164,1165,1/18/15,1.0
1165,1166,1/19/15,0.0
1166,1167,1/20/15,0.0
1167,1168,1/21/15,0.0
1168,1169,1/22/15,0.0
1169,1170,1/23/15,0.0
1170,1171,1/24/15,0.0
1171,1172,1/25/15,0.0
1172,1173,1/26/15,0.0
1173,1174,1/27/15,0.0
1174,1175,1/28/15,0.0
1175,1176,1/29/15,0.0
1176,1177,1/30/15,0.0
1177,1178,1/31/15,0.0
1178,1179,2/1/15,0.0
1179,1180,2/2/15,2.0
1180,1181,2/3/15,1.0
1181,1182,2/4/15,0.0
1182,1183,2/5/15,2.0
1183,1184,2/6/15,0.0
1184,1185,2/7/15,0.0
1185,1186,2/8/15,0.0
1186,1187,2/9/15,0.0
1187,1188,2/10/15,0.0
1188,1189,2/11/15,0.0
1189,1190,2/12/15,0.0
1190,1191,2/13/15,0.0
1191,1192,2/14/15,0.0
1192,1193,2/15/15,0.0
1193,1194,2/16/15,0.0
1194,1195,2/17/15,0.0
1195,1196,2/18/15,0.0
1196,1197,2/19/15,0.0
1197,1198,2/20/15,0.0
1198,1199,2/21/15,0.0
1199,1200,2/22/15,0.0
1200,1201,2/23/15,0.0
1201,1202,2/24/15,0.0
1202,1203,2/25/15,0.0
1203,1204,2/26/15,0.0
1204,1205,2/27/15,0.0
1205,1206,2/28/15,1.0
1206,1207,3/1/15,0.0
1207,1208,3/2/15,0.0
1208,1209,3/3/15,0.0
1209,1210,3/4/15,0.0
1210,1211,3/5/15,0.0
1211,1212,3/6/15,0.0
1212,1213,3/7/15,0.0
1213,1214,3/8/15,0.0
1214,1215,3/9/15,0.0
1215,1216,3/10/15,0.0
1216,1217,3/11/15,0.0
1217,1218,3/12/15,0.0
1218,1219,3/13/15,0.0
1219,1220,3/14/15,0.0
1220,1221,3/15/15,0.0
1221,1222,3/16/15,0.0
1222,1223,3/17/15,0.0
1223,1224,3/18/15,0.0
1224,1225,3/19/15,0.0
1225,1226,3/20/15,0.0
1226,1227,3/21/15,0.0
1227,1228,3/22/15,0.0
1228,1229,3/23/15,0.0
1229,1230,3/24/15,1.0
1230,1231,3/25/15,3.0
1231,1232,3/26/15,0.0
1232,1233,3/27/15,0.0
1233,1234,3/28/15,0.0
1234,1235,3/29/15,0.0
1235,1236,3/30/15,0.0
1236,1237,3/31/15,0.0
1237,1238,4/1/15,15.0
1238,1239,4/2/15,1.0
1239,1240,4/3/15,0.0
1240,1241,4/4/15,0.0
1241,1242,4/5/15,0.0
1242,1243,4/6/15,0.0
1243,1244,4/7/15,0.0
1244,1245,4/8/15,0.0
1245,1246,4/9/15,0.0
1246,1247,4/10/15,0.0
1247,1248,4/11/15,0.0
1248,1249,4/12/15,0.0
1249,1250,4/13/15,0.0
1250,1251,4/14/15,2.0
1251,1252,4/15/15,2.0
1252,1253,4/16/15,0.0
1253,1254,4/17/15,0.0
1254,1255,4/18/15,0.0
1255,1256,4/19/15,0.0
1256,1257,4/20/15,0.0
1257,1258,4/21/15,0.0
1258,1259,4/22/15,0.0
1259,1260,4/23/15,0.0
1260,1261,4/24/15,0.0
1261,1262,4/25/15,0.0
1262,1263,4/26/15,0.0
1263,1264,4/27/15,0.0
1264,1265,4/28/15,0.0
1265,1266,4/29/15,0.0
1266,1267,4/30/15,0.0
1267,1268,11/1/15,0.0
1268,1269,11/2/15,0.0
1269,1270,11/3/15,0.0
1270,1271,11/4/15,0.0
1271,1272,11/5/15,0.0
1272,1273,11/6/15,0.0
1273,1274,11/7/15,0.0
1274,1275,11/8/15,0.0
1275,1276,11/9/15,0.0
1276,1277,11/10/15,0.0
1277,1278,11/11/15,0.0
1278,1279,11/12/15,0.0
1279,1280,11/13/15,0.0
1280,1281,11/14/15,0.0
1281,1282,11/15/15,0.0
1282,1283,11/16/15,3.0
1283,1284,11/17/15,4.0
1284,1285,11/18/15,4.0
1285,1286,11/19/15,2.0
1286,1287,11/20/15,0.0
1287,1288,11/21/15,0.0
1288,1289,11/22/15,0.0
1289,1290,11/23/15,0.0
1290,1291,11/24/15,1.5
1291,1292,11/25/15,0.0
1292,1293,11/26/15,0.0
1293,1294,11/27/15,0.0
1294,1295,11/28/15,0.0
1295,1296,11/29/15,0.0
1296,1297,11/30/15,0.0
1297,1298,12/1/15,1.5
1298,1299,12/2/15,6.0
1299,1300,12/3/15,1.0
1300,1301,12/4/15,2.0
1301,1302,12/5/15,0.0
1302,1303,12/6/15,17.0
1303,1304,12/7/15,6.0
1304,1305,12/8/15,5.0
1305,1306,12/9/15,0.0
1306,1307,12/10/15,0.0
1307,1308,12/11/15,3.5
1308,1309,12/12/15,1.0
1309,1310,12/13/15,9.0
1310,1311,12/14/15,10.0
1311,1312,12/15/15,0.0
1312,1313,12/16/15,5.0
1313,1314,12/17/15,1.5
1314,1315,12/18/15,19.0
1315,1316,12/19/15,11.5
1316,1317,12/20/15,6.5
1317,1318,12/21/15,13.0
1318,1319,12/22/15,26.0
1319,1320,12/23/15,11.5
1320,1321,12/24/15,25.0
1321,1322,12/25/15,6.0
1322,1323,12/26/15,1.5
1323,1324,12/27/15,0.5
1324,1325,12/28/15,4.5
1325,1326,12/29/15,0.0
1326,1327,12/30/15,0.0
1327,1328,12/31/15,0.0
1328,1329,1/1/16,0.0
1329,1330,1/2/16,1.0
1330,1331,1/3/16,1.0
1331,1332,1/4/16,7.0
1332,1333,1/5/16,4.0
1333,1334,1/6/16,2.0
1334,1335,1/7/16,0.0
1335,1336,1/8/16,0.0
1336,1337,1/9/16,0.0
1337,1338,1/10/16,0.0
1338,1339,1/11/16,0.0
1339,1340,1/12/16,3.0
1340,1341,1/13/16,13.5
1341,1342,1/14/16,5.0
1342,1343,1/15/16,0.0
1343,1344,1/16/16,5.5
1344,1345,1/17/16,8.5
1345,1346,1/18/16,6.0
1346,1347,1/19/16,0.5
1347,1348,1/20/16,7.0
1348,1349,1/21/16,12.0
1349,1350,1/22/16,0.0
1350,1351,1/23/16,0.5
1351,1352,1/24/16,5.5
1352,1353,1/25/16,0.0
1353,1354,1/26/16,0.0
1354,1355,1/27/16,0.0
1355,1356,1/28/16,0.0
1356,1357,1/29/16,0.0
1357,1358,1/30/16,12.5
1358,1359,1/31/16,0.5
1359,1360,2/1/16,0.0
1360,1361,2/2/16,1.5
1361,1362,2/3/16,0.5
1362,1363,2/4/16,10.0
1363,1364,2/5/16,0.5
1364,1365,2/6/16,2.5
1365,1366,2/7/16,0.5
1366,1367,2/8/16,0.0
1367,1368,2/9/16,0.0
1368,1369,2/10/16,0.0
1369,1370,2/11/16,0.0
1370,1371,2/12/16,0.0
1371,1372,2/13/16,1.5
1372,1373,2/14/16,1.0
1373,1374,2/15/16,0.0
1374,1375,2/16/16,0.0
1375,1376,2/17/16,0.0
1376,1377,2/18/16,0.0
1377,1378,2/19/16,1.0
1378,1379,2/20/16,6.5
1379,1380,2/21/16,0.0
1380,1381,2/22/16,1.5
1381,1382,2/23/16,0.0
1382,1383,2/24/16,0.0
1383,1384,2/25/16,0.0
1384,1385,2/26/16,0.0
1385,1386,2/27/16,0.0
1386,1387,2/28/16,0.0
1387,1388,2/29/16,5.0
1388,1389,3/1/16,6.0
1389,1390,3/2/16,6.0
1390,1391,3/3/16,0.0
1391,1392,3/4/16,0.0
1392,1393,3/5/16,0.0
1393,1394,3/6/16,0.0
1394,1395,3/7/16,0.5
1395,1396,3/8/16,3.0
1396,1397,3/9/16,4.0
1397,1398,3/10/16,5.0
1398,1399,3/11/16,0.5
1399,1400,3/12/16,0.0
1400,1401,3/13/16,1.0
1401,1402,3/14/16,8.0
1402,1403,3/15/16,15.0
1403,1404,3/16/16,0.5
1404,1405,3/17/16,0.0
1405,1406,3/18/16,0.0
1406,1407,3/19/16,0.0
1407,1408,3/20/16,0.0
1408,1409,3/21/16,0.0
1409,1410,3/22/16,0.0
1410,1411,3/23/16,0.0
1411,1412,3/24/16,2.0
1412,1413,3/25/16,4.0
1413,1414,3/26/16,0.0
1414,1415,3/27/16,0.0
1415,1416,3/28/16,10.0
1416,1417,3/29/16,0.0
1417,1418,3/30/16,0.0
1418,1419,3/31/16,0.0
1419,1420,4/1/16,0.0
1420,1421,4/2/16,0.0
1421,1422,4/3/16,0.0
1422,1423,4/4/16,0.0
1423,1424,4/5/16,0.5
1424,1425,4/6/16,0.0
1425,1426,4/7/16,0.0
1426,1427,4/8/16,0.0
1427,1428,4/9/16,0.0
1428,1429,4/10/16,0.0
1429,1430,4/11/16,0.0
1430,1431,4/12/16,0.0
1431,1432,4/13/16,0.0
1432,1433,4/14/16,0.5
1433,1434,4/15/16,0.0
1434,1435,4/16/16,0.0
1435,1436,4/17/16,0.0
1436,1437,4/18/16,0.0
1437,1438,4/19/16,0.0
1438,1439,4/20/16,0.0
1439,1440,4/21/16,0.0
1440,1441,4/22/16,0.0
1441,1442,4/23/16,0.0
1442,1443,4/24/16,0.0
1443,1444,4/25/16,0.0
1444,1445,4/26/16,0.0
1445,1446,4/27/16,0.0
1446,1447,4/28/16,0.0
1447,1448,4/29/16,0.0
1448,1449,4/30/16,0.0
1449,1450,11/1/16,0.0
1450,1451,11/2/16,0.0
1451,1452,11/3/16,0.0
1452,1453,11/4/16,0.0
1453,1454,11/5/16,0.0
1454,1455,11/6/16,0.0
1455,1456,11/7/16,0.0
1456,1457,11/8/16,0.0
1457,1458,11/9/16,0.0
1458,1459,11/10/16,0.0
1459,1460,11/11/16,0.0
1460,1461,11/12/16,0.0
1461,1462,11/13/16,0.0
1462,1463,11/14/16,0.0
1463,1464,11/15/16,0.0
1464,1465,11/16/16,1.0
1465,1466,11/17/16,0.0
1466,1467,11/18/16,0.0
1467,1468,11/19/16,1.0
1468,1469,11/20/16,0.0
1469,1470,11/21/16,0.0
1470,1471,11/22/16,0.0
1471,1472,11/23/16,3.0
1472,1473,11/24/16,3.0
1473,1474,11/25/16,3.0
1474,1475,11/26/16,0.0
1475,1476,11/27/16,0.0
1476,1477,11/28/16,8.0
1477,1478,11/29/16,0.0
1478,1479,11/30/16,2.0
1479,1480,12/1/16,5.0
1480,1481,12/2/16,0.0
1481,1482,12/3/16,0.0
1482,1483,12/4/16,18.5
1483,1484,12/5/16,6.0
1484,1485,12/6/16,6.0
1485,1486,12/7/16,0.0
1486,1487,12/8/16,0.0
1487,1488,12/9/16,5.0
1488,1489,12/10/16,16.0
1489,1490,12/11/16,12.0
1490,1491,12/12/16,12.0
1491,1492,12/13/16,6.0
1492,1493,12/14/16,0.0
1493,1494,12/15/16,1.0
1494,1495,12/16/16,0.0
1495,1496,12/17/16,0.0
1496,1497,12/18/16,1.0
1497,1498,12/19/16,4.0
1498,1499,12/20/16,5.0
1499,1500,12/21/16,1.0
1500,1501,12/22/16,0.0
1501,1502,12/23/16,3.0
1502,1503,12/24/16,3.0
1503,1504,12/25/16,0.5
1504,1505,12/26/16,0.0
1505,1506,12/27/16,11.0
1506,1507,12/28/16,7.5
1507,1508,12/29/16,1.5
1508,1509,12/30/16,5.0
1509,1510,12/31/16,1.0
1510,1511,1/1/17,8.0
1511,1512,1/2/17,1.0
1512,1513,1/3/17,0.0
1513,1514,1/4/17,0.0
1514,1515,1/5/17,0.0
1515,1516,1/6/17,0.0
1516,1517,1/7/17,0.0
1517,1518,1/8/17,1.0
1518,1519,1/9/17,6.0
1519,1520,1/10/17,3.0
1520,1521,1/11/17,3.0
1521,1522,1/12/17,0.5
1522,1523,1/13/17,0.0
1523,1524,1/14/17,0.0
1524,1525,1/15/17,0.5
1525,1526,1/16/17,0.0
1526,1527,1/17/17,0.0
1527,1528,1/18/17,6.5
1528,1529,1/19/17,4.5
1529,1530,1/20/17,3.0
1530,1531,1/21/17,2.0
1531,1532,1/22/17,2.0
1532,1533,1/23/17,4.0
1533,1534,1/24/17,0.0
1534,1535,1/25/17,0.0
1535,1536,1/26/17,1.0
1536,1537,1/27/17,0.0
1537,1538,1/28/17,0.0
1538,1539,1/29/17,0.0
1539,1540,1/30/17,0.0
1540,1541,1/31/17,4.0
1541,1542,2/1/17,0.5
1542,1543,2/2/17,0.0
1543,1544,2/3/17,1.0
1544,1545,2/4/17,11.0
1545,1546,2/5/17,23.0
1546,1547,2/6/17,18.0
1547,1548,2/7/17,8.0
1548,1549,2/8/17,0.5
1549,1550,2/9/17,7.5
1550,1551,2/10/17,0.5
1551,1552,2/11/17,6.0
1552,1553,2/12/17,0.5
1553,1554,2/13/17,0.0
1554,1555,2/14/17,0.0
1555,1556,2/15/17,0.0
1556,1557,2/16/17,0.0
1557,1558,2/17/17,0.0
1558,1559,2/18/17,0.0
1559,1560,2/19/17,4.0
1560,1561,2/20/17,2.0
1561,1562,2/21/17,4.5
1562,1563,2/22/17,2.0
1563,1564,2/23/17,1.0
1564,1565,2/24/17,1.0
1565,1566,2/25/17,0.0
1566,1567,2/26/17,8.0
1567,1568,2/27/17,1.0
1568,1569,2/28/17,14.0
1569,1570,3/1/17,6.0
1570,1571,3/2/17,1.5
1571,1572,3/3/17,2.0
1572,1573,3/4/17,5.0
1573,1574,3/5/17,6.5
1574,1575,3/6/17,4.0
1575,1576,3/7/17,10.0
1576,1577,3/8/17,15.0
1577,1578,3/9/17,10.0
1578,1579,3/10/17,3.0
1579,1580,3/11/17,0.0
1580,1581,3/12/17,0.5
1581,1582,3/13/17,0.0
1582,1583,3/14/17,0.0
1583,1584,3/15/17,0.0
1584,1585,3/16/17,0.5
1585,1586,3/17/17,0.0
1586,1587,3/18/17,3.0
1587,1588,3/19/17,0.0
1588,1589,3/20/17,0.0
1589,1590,3/21/17,0.0
1590,1591,3/22/17,0.0
1591,1592,3/23/17,0.5
1592,1593,3/24/17,3.0
1593,1594,3/25/17,2.0
1594,1595,3/26/17,0.0
1595,1596,3/27/17,3.5
1596,1597,3/28/17,1.0
1597,1598,3/29/17,1.0
1598,1599,3/30/17,3.0
1599,1600,3/31/17,0.0
1600,1601,4/1/17,0.0
1601,1602,4/2/17,0.5
1602,1603,4/3/17,1.0
1603,1604,4/4/17,0.0
1604,1605,4/5/17,0.0
1605,1606,4/6/17,0.0
1606,1607,4/7/17,0.0
1607,1608,4/8/17,0.0
1608,1609,4/9/17,2.0
1609,1610,4/10/17,1.0
1610,1611,4/11/17,0.0
1611,1612,4/12/17,0.0
1612,1613,4/13/17,1.0
1613,1614,4/14/17,0.0
1614,1615,4/15/17,0.0
1615,1616,4/16/17,0.0
1616,1617,4/17/17,0.0
1617,1618,4/18/17,0.0
1618,1619,4/19/17,0.0
1619,1620,4/20/17,0.0
1620,1621,4/21/17,0.0
1621,1622,4/22/17,0.0
1622,1623,4/23/17,0.0
1623,1624,4/24/17,0.0
1624,1625,4/25/17,0.0
1625,1626,4/26/17,0.0
1626,1627,4/27/17,1.5
1627,1628,4/28/17,0.0
1628,1629,4/29/17,0.0
1629,1630,4/30/17,0.0
1630,1631,11/1/17,0.0
1631,1632,11/2/17,0.0
1632,1633,11/3/17,3.0
1633,1634,11/4/17,0.5
1634,1635,11/5/17,9.0
1635,1636,11/6/17,9.0
1636,1637,11/7/17,0.0
1637,1638,11/8/17,0.0
1638,1639,11/9/17,2.0
1639,1640,11/10/17,6.0
1640,1641,11/11/17,0.0
1641,1642,11/12/17,0.0
1642,1643,11/13/17,0.0
1643,1644,11/14/17,2.0
1644,1645,11/15/17,1.0
1645,1646,11/16/17,8.0
1646,1647,11/17/17,8.0
1647,1648,11/18/17,3.0
1648,1649,11/19/17,0.0
1649,1650,11/20/17,6.0
1650,1651,11/21/17,0.0
1651,1652,11/22/17,0.0
1652,1653,11/23/17,0.0
1653,1654,11/24/17,0.0
1654,1655,11/25/17,0.0
1655,1656,11/26/17,0.0
1656,1657,11/27/17,3.0
1657,1658,11/28/17,1.0
1658,1659,11/29/17,12.0
1659,1660,11/30/17,0.0
1660,1661,12/1/17,4.0
1661,1662,12/2/17,6.0
1662,1663,12/3/17,8.0
1663,1664,12/4/17,0.5
1664,1665,12/5/17,0.0
1665,1666,12/6/17,0.0
1666,1667,12/7/17,0.0
1667,1668,12/8/17,0.0
1668,1669,12/9/17,0.0
1669,1670,12/10/17,0.0
1670,1671,12/11/17,0.0
1671,1672,12/12/17,0.0
1672,1673,12/13/17,0.0
1673,1674,12/14/17,0.0
1674,1675,12/15/17,0.0
1675,1676,12/16/17,5.5
1676,1677,12/17/17,1.5
1677,1678,12/18/17,0.0
1678,1679,12/19/17,10.0
1679,1680,12/20/17,13.0
1680,1681,12/21/17,1.0
1681,1682,12/22/17,1.0
1682,1683,12/23/17,3.5
1683,1684,12/24/17,0.0
1684,1685,12/25/17,6.0
1685,1686,12/26/17,2.0
1686,1687,12/27/17,0.0
1687,1688,12/28/17,2.0
1688,1689,12/29/17,6.0
1689,1690,12/30/17,3.0
1690,1691,12/31/17,1.0
1691,1692,1/1/18,0.0
1692,1693,1/2/18,0.0
1693,1694,1/3/18,0.0
1694,1695,1/4/18,0.0
1695,1696,1/5/18,1.0
1696,1697,1/6/18,2.5
1697,1698,1/7/18,0.0
1698,1699,1/8/18,2.0
1699,1700,1/9/18,4.5
1700,1701,1/10/18,5.0
1701,1702,1/11/18,10.5
1702,1703,1/12/18,10.0
1703,1704,1/13/18,0.0
1704,1705,1/14/18,0.0
1705,1706,1/15/18,0.0
1706,1707,1/16/18,0.0
1707,1708,1/17/18,0.5
1708,1709,1/18/18,1.5
1709,1710,1/19/18,1.5
1710,1711,1/20/18,9.0
1711,1712,1/21/18,4.0
1712,1713,1/22/18,8.0
1713,1714,1/23/18,3.0
1714,1715,1/24/18,20.0
1715,1716,1/25/18,3.0
1716,1717,1/26/18,10.0
1717,1718,1/27/18,19.0
1718,1719,1/28/18,2.0
1719,1720,1/29/18,0.0
1720,1721,1/30/18,1.5
1721,1722,1/31/18,4.0
1722,1723,2/1/18,6.0
1723,1724,2/2/18,8.0
1724,1725,2/3/18,0.0
1725,1726,2/4/18,0.0
1726,1727,2/5/18,0.0
1727,1728,2/6/18,0.0
1728,1729,2/7/18,0.0
1729,1730,2/8/18,0.0
1730,1731,2/9/18,0.0
1731,1732,2/10/18,1.0
1732,1733,2/11/18,0.0
1733,1734,2/12/18,0.0
1734,1735,2/13/18,0.0
1735,1736,2/14/18,7.0
1736,1737,2/15/18,1.0
1737,1738,2/16/18,10.0
1738,1739,2/17/18,8.0
1739,1740,2/18/18,8.0
1740,1741,2/19/18,2.0
1741,1742,2/20/18,0.0
1742,1743,2/21/18,1.0
1743,1744,2/22/18,3.0
1744,1745,2/23/18,1.0
1745,1746,2/24/18,7.0
1746,1747,2/25/18,10.0
1747,1748,2/26/18,8.0
1748,1749,2/27/18,2.0
1749,1750,2/28/18,4.0
1750,1751,3/1/18,6.0
1751,1752,3/2/18,4.5
1752,1753,3/3/18,0.5
1753,1754,3/4/18,0.0
1754,1755,3/5/18,11.0
1755,1756,3/6/18,0.0
1756,1757,3/7/18,0.0
1757,1758,3/8/18,1.0
1758,1759,3/9/18,5.0
1759,1760,3/10/18,1.0
1760,1761,3/11/18,0.0
1761,1762,3/12/18,0.0
1762,1763,3/13/18,0.0
1763,1764,3/14/18,0.0
1764,1765,3/15/18,0.0
1765,1766,3/16/18,0.0
1766,1767,3/17/18,0.0
1767,1768,3/18/18,0.0
1768,1769,3/19/18,0.0
1769,1770,3/20/18,0.0
1770,1771,3/21/18,0.0
1771,1772,3/22/18,0.0
1772,1773,3/23/18,2.0
1773,1774,3/24/18,3.0
1774,1775,3/25/18,1.0
1775,1776,3/26/18,2.0
1776,1777,3/27/18,4.0
1777,1778,3/28/18,0.0
1778,1779,3/29/18,0.0
1779,1780,3/30/18,0.0
1780,1781,3/31/18,0.0
1781,1782,4/1/18,0.0
1782,1783,4/2/18,16.5
1783,1784,4/3/18,0.5
1784,1785,4/4/18,1.0
1785,1786,4/5/18,0.5
1786,1787,4/6/18,0.0
1787,1788,4/7/18,0.0
1788,1789,4/8/18,0.0
1789,1790,4/9/18,1.0
1790,1791,4/10/18,0.0
1791,1792,4/11/18,0.0
1792,1793,4/12/18,2.0
1793,1794,4/13/18,2.0
1794,1795,4/14/18,5.0
1795,1796,4/15/18,0.0
1796,1797,4/16/18,0.0
1797,1798,4/17/18,14.0
1798,1799,4/18/18,1.0
1799,1800,4/19/18,0.0
1800,1801,4/20/18,0.0
1801,1802,4/21/18,0.0
1802,1803,4/22/18,0.0
1803,1804,4/23/18,0.0
1804,1805,4/24/18,0.0
1805,1806,4/25/18,0.0
1806,1807,4/26/18,0.0
1807,1808,4/27/18,0.0
1808,1809,4/28/18,0.0
1809,1810,4/29/18,0.0
1810,1811,4/30/18,0.0
1811,1812,11/1/18,0.0
1812,1813,11/2/18,0.0
1813,1814,11/3/18,0.0
1814,1815,11/4/18,0.0
1815,1816,11/5/18,0.0
1816,1817,11/6/18,0.0
1817,1818,11/7/18,0.0
1818,1819,11/8/18,0.0
1819,1820,11/9/18,0.0
1820,1821,11/10/18,1.0
1821,1822,11/11/18,0.0
1822,1823,11/12/18,0.0
1823,1824,11/13/18,0.0
1824,1825,11/14/18,0.0
1825,1826,11/15/18,0.0
1826,1827,11/16/18,0.0
1827,1828,11/17/18,0.0
1828,1829,11/18/18,0.0
1829,1830,11/19/18,0.0
1830,1831,11/20/18,0.0
1831,1832,11/21/18,0.0
1832,1833,11/22/18,4.0
1833,1834,11/23/18,4.0
1834,1835,11/24/18,4.0
1835,1836,11/25/18,0.0
1836,1837,11/26/18,0.0
1837,1838,11/27/18,0.0
1838,1839,11/28/18,0.0
1839,1840,11/29/18,0.0
1840,1841,11/30/18,1.0
1841,1842,12/1/18,3.0
1842,1843,12/2/18,1.0
1843,1844,12/3/18,0.0
1844,1845,12/4/18,0.0
1845,1846,12/5/18,0.0
1846,1847,12/6/18,0.0
1847,1848,12/7/18,0.0
1848,1849,12/8/18,0.0
1849,1850,12/9/18,0.0
1850,1851,12/10/18,9.0
1851,1852,12/11/18,4.5
1852,1853,12/12/18,8.0
1853,1854,12/13/18,8.0
1854,1855,12/14/18,0.0
1855,1856,12/15/18,2.0
1856,1857,12/16/18,5.0
1857,1858,12/17/18,0.0
1858,1859,12/18/18,14.0
1859,1860,12/19/18,4.0
1860,1861,12/20/18,0.0
1861,1862,12/21/18,1.5
1862,1863,12/22/18,0.0
1863,1864,12/23/18,10.0
1864,1865,12/24/18,9.0
1865,1866,12/25/18,0.0
1866,1867,12/26/18,0.0
1867,1868,12/27/18,5.5
1868,1869,12/28/18,0.0
1869,1870,12/29/18,5.5
1870,1871,12/30/18,6.0
1871,1872,12/31/18,3.0
1872,1873,1/1/19,0.0
1873,1874,1/2/19,0.0
1874,1875,1/3/19,0.0
1875,1876,1/4/19,0.0
1876,1877,1/5/19,0.0
1877,1878,1/6/19,2.0
1878,1879,1/7/19,8.0
1879,1880,1/8/19,1.0
1880,1881,1/9/19,6.0
1881,1882,1/10/19,5.5
1882,1883,1/11/19,0.0
1883,1884,1/12/19,0.0
1884,1885,1/13/19,0.0
1885,1886,1/14/19,0.0
1886,1887,1/15/19,0.0
1887,1888,1/16/19,0.0
1888,1889,1/17/19,2.5
1889,1890,1/18/19,5.0
1890,1891,1/19/19,4.5
1891,1892,1/20/19,0.0
1892,1893,1/21/19,0.0
1893,1894,1/22/19,0.5
1894,1895,1/23/19,8.0
1895,1896,1/24/19,0.0
1896,1897,1/25/19,0.0
1897,1898,1/26/19,0.0
1898,1899,1/27/19,0.0
1899,1900,1/28/19,0.0
1900,1901,1/29/19,0.0
1901,1902,1/30/19,0.0
1902,1903,1/31/19,0.0
1903,1904,2/1/19,0.0
1904,1905,2/2/19,0.0
1905,1906,2/3/19,0.0
1906,1907,2/4/19,3.0
1907,1908,2/5/19,1.0
1908,1909,2/6/19,0.0
1909,1910,2/7/19,0.0
1910,1911,2/8/19,0.0
1911,1912,2/9/19,11.0
1912,1913,2/10/19,1.0
1913,1914,2/11/19,22.5
1914,1915,2/12/19,31.5
1915,1916,2/13/19,14.0
1916,1917,2/14/19,2.0
1917,1918,2/15/19,2.0
1918,1919,2/16/19,1.0
1919,1920,2/17/19,1.5
1920,1921,2/18/19,0.0
1921,1922,2/19/19,0.5
1922,1923,2/20/19,11.0
1923,1924,2/21/19,0.0
1924,1925,2/22/19,0.0
1925,1926,2/23/19,9.5
1926,1927,2/24/19,3.0
1927,1928,2/25/19,0.0
1928,1929,2/26/19,1.0
1929,1930,2/27/19,0.0
1930,1931,2/28/19,3.0
1931,1932,3/1/19,0.0
1932,1933,3/2/19,0.0
1933,1934,3/3/19,0.0
1934,1935,3/4/19,0.0
1935,1936,3/5/19,0.0
1936,1937,3/6/19,0.0
1937,1938,3/7/19,2.5
1938,1939,3/8/19,5.0
1939,1940,3/9/19,0.0
1940,1941,3/10/19,0.0
1941,1942,3/11/19,0.0
1942,1943,3/12/19,7.0
1943,1944,3/13/19,3.0
1944,1945,3/14/19,0.0
1945,1946,3/15/19,0.0
1946,1947,3/16/19,0.0
1947,1948,3/17/19,0.0
1948,1949,3/18/19,0.0
1949,1950,3/19/19,0.0
1950,1951,3/20/19,0.0
1951,1952,3/21/19,0.0
1952,1953,3/22/19,0.0
1953,1954,3/23/19,0.0
1954,1955,3/24/19,0.0
1955,1956,3/25/19,0.0
1956,1957,3/26/19,0.0
1957,1958,3/27/19,0.0
1958,1959,3/28/19,0.0
1959,1960,3/29/19,0.0
1960,1961,3/30/19,0.0
1961,1962,3/31/19,0.0
1962,1963,4/1/19,0.0
1963,1964,4/2/19,0.0
1964,1965,4/3/19,0.0
1965,1966,4/4/19,0.0
1966,1967,4/5/19,0.0
1967,1968,4/6/19,1.0
1968,1969,4/7/19,3.0
1969,1970,4/8/19,0.0
1970,1971,4/9/19,0.0
1971,1972,4/10/19,0.0
1972,1973,4/11/19,2.0
1973,1974,4/12/19,0.0
1974,1975,4/13/19,0.0
1975,1976,4/14/19,2.0
1976,1977,4/15/19,4.0
1977,1978,4/16/19,0.0
1978,1979,4/17/19,0.0
1979,1980,4/18/19,0.0
1980,1981,4/19/19,0.0
1981,1982,4/20/19,0.0
1982,1983,4/21/19,0.0
1983,1984,4/22/19,0.0
1984,1985,4/23/19,0.0
1985,1986,4/24/19,0.0
1986,1987,4/25/19,0.0
1987,1988,4/26/19,0.0
1988,1989,4/27/19,0.0
1989,1990,4/28/19,0.0
1990,1991,4/29/19,0.0
1991,1992,4/30/19,0.0
1992,1993,11/1/19,0.0
1993,1994,11/2/19,0.0
1994,1995,11/3/19,0.0
1995,1996,11/4/19,0.0
1996,1997,11/5/19,0.0
1997,1998,11/6/19,0.0
1998,1999,11/7/19,0.0
1999,2000,11/8/19,0.0
2000,2001,11/9/19,0.0
2001,2002,11/10/19,0.0
2002,2003,11/11/19,0.0
2003,2004,11/12/19,0.0
2004,2005,11/13/19,0.0
2005,2006,11/14/19,0.0
2006,2007,11/15/19,0.0
2007,2008,11/16/19,0.0
2008,2009,11/17/19,0.0
2009,2010,11/18/19,0.0
2010,2011,11/19/19,0.0
2011,2012,11/20/19,0.0
2012,2013,11/21/19,0.0
2013,2014,11/22/19,0.0
2014,2015,11/23/19,0.0
2015,2016,11/24/19,0.0
2016,2017,11/25/19,5.0
2017,2018,11/26/19,2.0
2018,2019,11/27/19,0.0
2019,2020,11/28/19,0.0
2020,2021,11/29/19,0.0
2021,2022,11/30/19,0.0
2022,2023,12/1/19,0.0
2023,2024,12/2/19,3.0
2024,2025,12/3/19,0.0
2025,2026,12/4/19,0.0
2026,2027,12/5/19,0.0
2027,2028,12/6/19,0.0
2028,2029,12/7/19,2.5
2029,2030,12/8/19,0.0
2030,2031,12/9/19,0.0
2031,2032,12/10/19,0.0
2032,2033,12/11/19,1.5
2033,2034,12/12/19,6.5
2034,2035,12/13/19,5.5
2035,2036,12/14/19,4.5
2036,2037,12/15/19,2.5
2037,2038,12/16/19,2.0
2038,2039,12/17/19,0.0
2039,2040,12/18/19,0.0
2040,2041,12/19/19,4.5
2041,2042,12/20/19,7.5
2042,2043,12/21/19,0.0
2043,2044,12/22/19,0.5
2044,2045,12/23/19,1.5
2045,2046,12/24/19,0.5
2046,2047,12/25/19,0.0
2047,2048,12/26/19,0.0
2048,2049,12/27/19,2.0
2049,2050,12/28/19,2.5
2050,2051,12/29/19,0.0
2051,2052,12/30/19,0.0
2052,2053,12/31/19,1.0
2053,2054,1/1/20,0.0
2054,2055,1/2/20,2.5
2055,2056,1/3/20,3.0
2056,2057,1/4/20,1.0
2057,2058,1/5/20,6.0
2058,2059,1/6/20,13.0
2059,2060,1/7/20,1.5
2060,2061,1/8/20,2.0
2061,2062,1/9/20,6.0
2062,2063,1/10/20,2.5
2063,2064,1/11/20,23.0
2064,2065,1/12/20,18.0
2065,2066,1/13/20,12.0
2066,2067,1/14/20,13.0
2067,2068,1/15/20,11.0
2068,2069,1/16/20,3.0
2069,2070,1/17/20,6.0
2070,2071,1/18/20,3.5
2071,2072,1/19/20,1.5
2072,2073,1/20/20,0.0
2073,2074,1/21/20,0.0
2074,2075,1/22/20,8.0
2075,2076,1/23/20,8.0
2076,2077,1/24/20,0.0
2077,2078,1/25/20,1.5
2078,2079,1/26/20,1.5
2079,2080,1/27/20,2.0
2080,2081,1/28/20,12.0
2081,2082,1/29/20,1.0
2082,2083,1/30/20,2.5
2083,2084,1/31/20,0.0
2084,2085,2/1/20,0.0
2085,2086,2/2/20,4.0
2086,2087,2/3/20,4.0
2087,2088,2/4/20,0.5
2088,2089,2/5/20,14.5
2089,2090,2/6/20,0.0
2090,2091,2/7/20,1.0
2091,2092,2/8/20,7.0
2092,2093,2/9/20,2.0
2093,2094,2/10/20,0.0
2094,2095,2/11/20,0.0
2095,2096,2/12/20,0.0
2096,2097,2/13/20,0.0
2097,2098,2/14/20,6.5
2098,2099,2/15/20,5.0
2099,2100,2/16/20,2.0
2100,2101,2/17/20,13.0
2101,2102,2/18/20,2.0
2102,2103,2/19/20,0.0
2103,2104,2/20/20,0.0
2104,2105,2/21/20,0.0
2105,2106,2/22/20,0.0
2106,2107,2/23/20,0.0
2107,2108,2/24/20,11.0
2108,2109,2/25/20,0.0
2109,2110,2/26/20,0.0
2110,2111,2/27/20,0.0
2111,2112,2/28/20,0.0
2112,2113,2/29/20,4.0
2113,2114,3/1/20,3.0
2114,2115,3/2/20,1.0
2115,2116,3/3/20,0.0
2116,2117,3/4/20,0.0
2117,2118,3/5/20,0.0
2118,2119,3/6/20,1.0
2119,2120,3/7/20,0.5
2120,2121,3/8/20,0.5
2121,2122,3/9/20,0.0
2122,2123,3/10/20,0.0
2123,2124,3/11/20,0.0
2124,2125,3/12/20,0.0
2125,2126,3/13/20,0.0
2126,2127,3/14/20,4.0
2127,2128,3/15/20,0.0
2128,2129,3/16/20,0.0
2129,2130,3/17/20,0.0
2130,2131,3/18/20,0.0
2131,2132,3/19/20,0.0
2132,2133,3/20/20,0.0
2133,2134,3/21/20,0.0
2134,2135,3/22/20,0.0
2135,2136,3/23/20,0.5
2136,2137,3/24/20,4.5
2137,2138,3/25/20,2.0
2138,2139,3/26/20,0.0
2139,2140,3/27/20,1.0
2140,2141,3/28/20,0.0
2141,2142,3/29/20,0.0
2142,2143,3/30/20,1.0
2143,2144,3/31/20,14.5
2144,2145,4/1/20,2.0
2145,2146,4/2/20,0.0
2146,2147,4/3/20,0.0
2147,2148,4/4/20,4.5
2148,2149,4/5/20,0.0
2149,2150,4/6/20,0.0
2150,2151,4/7/20,0.0
2151,2152,4/8/20,0.0
2152,2153,4/9/20,0.0
2153,2154,4/10/20,0.0
2154,2155,4/11/20,0.0
2155,2156,4/12/20,0.0
2156,2157,4/13/20,0.0
2157,2158,4/14/20,0.0
2158,2159,4/15/20,0.0
2159,2160,4/16/20,0.0
2160,2161,4/17/20,0.0
2161,2162,4/18/20,0.0
2162,2163,4/19/20,0.0
2163,2164,4/20/20,0.0
2164,2165,4/21/20,0.0
2165,2166,4/22/20,0.0
2166,2167,4/23/20,0.0
2167,2168,4/24/20,0.0
2168,2169,4/25/20,0.0
2169,2170,4/26/20,0.0
2170,2171,4/27/20,0.0
2171,2172,4/28/20,0.0
2172,2173,4/29/20,0.0
2173,2174,4/30/20,0.0
2174,2175,11/1/20,0.0
2175,2176,11/2/20,0.0
2176,2177,11/3/20,0.0
2177,2178,11/4/20,0.0
2178,2179,11/5/20,0.0
2179,2180,11/6/20,0.0
2180,2181,11/7/20,0.0
2181,2182,11/8/20,0.0
2182,2183,11/9/20,0.0
2183,2184,11/10/20,4.0
2184,2185,11/11/20,5.0
2185,2186,11/12/20,0.0
2186,2187,11/13/20,18.0
2187,2188,11/14/20,8.0
2188,2189,11/15/20,8.0
2189,2190,11/16/20,1.0
2190,2191,11/17/20,0.0
2191,2192,11/18/20,0.0
2192,2193,11/19/20,4.0
2193,2194,11/20/20,3.5
2194,2195,11/21/20,0.0
2195,2196,11/22/20,0.0
2196,2197,11/23/20,4.5
2197,2198,11/24/20,1.0
2198,2199,11/25/20,6.5
2199,2200,11/26/20,4.0
2200,2201,11/27/20,0.0
2201,2202,11/28/20,0.0
2202,2203,11/29/20,0.0
2203,2204,11/30/20,4.0
2204,2205,12/1/20,2.0
2205,2206,12/2/20,0.0
2206,2207,12/3/20,0.0
2207,2208,12/4/20,0.0
2208,2209,12/5/20,0.0
2209,2210,12/6/20,0.0
2210,2211,12/7/20,0.0
2211,2212,12/8/20,0.0
2212,2213,12/9/20,0.0
2213,2214,12/10/20,0.0
2214,2215,12/11/20,3.0
2215,2216,12/12/20,1.0
2216,2217,12/13/20,1.5
2217,2218,12/14/20,7.0
2218,2219,12/15/20,3.0
2219,2220,12/16/20,2.5
2220,2221,12/17/20,9.0
2221,2222,12/18/20,5.0
2222,2223,12/19/20,3.0
2223,2224,12/20/20,1.0
2224,2225,12/21/20,1.0
2225,2226,12/22/20,11.0
2226,2227,12/23/20,1.0
2227,2228,12/24/20,0.0
2228,2229,12/25/20,0.0
2229,2230,12/26/20,6.0
2230,2231,12/27/20,2.5
2231,2232,12/28/20,1.0
2232,2233,12/29/20,0.0
2233,2234,12/30/20,10.0
2234,2235,12/31/20,17.0
2235,2236,1/1/21,2.0
2236,2237,1/2/21,1.0
2237,2238,1/3/21,14.5
2238,2239,1/4/21,12.0
2239,2240,1/5/21,6.0
2240,2241,1/6/21,16.0
2241,2242,1/7/21,0.0
2242,2243,1/8/21,0.0
2243,2244,1/9/21,1.0
2244,2245,1/10/21,0.0
2245,2246,1/11/21,1.0
2246,2247,1/12/21,23.0
2247,2248,1/13/21,0.0
2248,2249,1/14/21,3.5
2249,2250,1/15/21,0.0
2250,2251,1/16/21,0.0
2251,2252,1/17/21,0.5
2252,2253,1/18/21,0.0
2253,2254,1/19/21,0.0
2254,2255,1/20/21,0.0
2255,2256,1/21/21,1.0
2256,2257,1/22/21,1.0
2257,2258,1/23/21,0.0
2258,2259,1/24/21,0.0
2259,2260,1/25/21,5.0
2260,2261,1/26/21,0.0
2261,2262,1/27/21,3.5
2262,2263,1/28/21,3.0
2263,2264,1/29/21,2.0
2264,2265,1/30/21,1.5
2265,2266,1/31/21,0.5
2266,2267,2/1/21,0.0
2267,2268,2/2/21,0.0
2268,2269,2/3/21,3.0
2269,2270,2/4/21,2.0
2270,2271,2/5/21,3.5
2271,2272,2/6/21,0.5
2272,2273,2/7/21,7.0
2273,2274,2/8/21,15.0
2274,2275,2/9/21,1.5
2275,2276,2/10/21,0.0
2276,2277,2/11/21,0.0
2277,2278,2/12/21,3.0
2278,2279,2/13/21,6.5
2279,2280,2/14/21,6.0
2280,2281,2/15/21,13.0
2281,2282,2/16/21,20.5
2282,2283,2/17/21,10.0
2283,2284,2/18/21,0.0
2284,2285,2/19/21,7.5
2285,2286,2/20/21,5.5
2286,2287,2/21/21,8.0
2287,2288,2/22/21,0.0
2288,2289,2/23/21,4.0
2289,2290,2/24/21,7.0
2290,2291,2/25/21,4.0
2291,2292,2/26/21,10.0
2292,2293,2/27/21,15.0
2293,2294,2/28/21,2.0
2294,2295,3/1/21,0.0
2295,2296,3/2/21,0.0
2296,2297,3/3/21,0.0
2297,2298,3/4/21,0.0
2298,2299,3/5/21,0.0
2299,2300,3/6/21,0.5
2300,2301,3/7/21,1.0
2301,2302,3/8/21,2.5
2302,2303,3/9/21,0.0
2303,2304,3/10/21,0.0
2304,2305,3/11/21,0.0
2305,2306,3/12/21,0.0
2306,2307,3/13/21,0.0
2307,2308,3/14/21,0.0
2308,2309,3/15/21,0.5
2309,2310,3/16/21,0.0
2310,2311,3/17/21,0.0
2311,2312,3/18/21,0.0
2312,2313,3/19/21,0.0
2313,2314,3/20/21,1.0
2314,2315,3/21/21,2.5
2315,2316,3/22/21,11.0
2316,2317,3/23/21,2.0
2317,2318,3/24/21,0.5
2318,2319,3/25/21,5.0
2319,2320,3/26/21,0.0
2320,2321,3/27/21,0.0
2321,2322,3/28/21,0.0
2322,2323,3/29/21,7.0
2323,2324,3/30/21,0.0
2324,2325,3/31/21,0.0
2325,2326,4/1/21,0.0
2326,2327,4/2/21,0.0
2327,2328,4/3/21,0.0
2328,2329,4/4/21,0.0
2329,2330,4/5/21,0.0
2330,2331,4/6/21,0.0
2331,2332,4/7/21,0.0
2332,2333,4/8/21,10.5
2333,2334,4/9/21,0.0
2334,2335,4/10/21,3.0
2335,2336,4/11/21,4.0
2336,2337,4/12/21,0.0
2337,2338,4/13/21,0.0
2338,2339,4/14/21,0.0
2339,2340,4/15/21,0.0
2340,2341,4/16/21,0.0
2341,2342,4/17/21,0.0
2342,2343,4/18/21,0.0
2343,2344,4/19/21,0.0
2344,2345,4/20/21,0.0
2345,2346,4/21/21,0.0
2346,2347,4/22/21,0.0
2347,2348,4/23/21,0.0
2348,2349,4/24/21,0.0
2349,2350,4/25/21,0.0
2350,2351,4/26/21,0.0
2351,2352,4/27/21,0.0
2352,2353,4/28/21,0.0
2353,2354,4/29/21,0.0
2354,2355,4/30/21,0.0
2355,2356,11/1/21,0.0
2356,2357,11/2/21,0.0
2357,2358,11/3/21,0.0
2358,2359,11/4/21,0.0
2359,2360,11/5/21,0.0
2360,2361,11/6/21,2.0
2361,2362,11/7/21,4.5
2362,2363,11/8/21,6.0
2363,2364,11/9/21,1.0
2364,2365,11/10/21,5.0
2365,2366,11/11/21,0.0
2366,2367,11/12/21,0.0
2367,2368,11/13/21,0.0
2368,2369,11/14/21,0.0
2369,2370,11/15/21,0.0
2370,2371,11/16/21,2.0
2371,2372,11/17/21,0.5
2372,2373,11/18/21,0.0
2373,2374,11/19/21,10.0
2374,2375,11/20/21,0.0
2375,2376,11/21/21,0.0
2376,2377,11/22/21,0.0
2377,2378,11/23/21,0.5
2378,2379,11/24/21,4.0
2379,2380,11/25/21,0.0
2380,2381,11/26/21,0.0
2381,2382,11/27/21,0.0
2382,2383,11/28/21,0.0
2383,2384,11/29/21,0.0
2384,2385,11/30/21,0.0
2385,2386,12/1/21,0.0
2386,2387,12/2/21,0.0
2387,2388,12/3/21,0.0
2388,2389,12/4/21,1.0
2389,2390,12/5/21,6.5
2390,2391,12/6/21,2.0
2391,2392,12/7/21,0.5
2392,2393,12/8/21,0.0
2393,2394,12/9/21,8.0
2394,2395,12/10/21,9.0
2395,2396,12/11/21,13.0
2396,2397,12/12/21,14.0
2397,2398,12/13/21,8.0
2398,2399,12/14/21,4.0
2399,2400,12/15/21,8.0
2400,2401,12/16/21,2.0
2401,2402,12/17/21,4.0
2402,2403,12/18/21,5.0
2403,2404,12/19/21,8.0
2404,2405,12/20/21,4.0
2405,2406,12/21/21,8.0
2406,2407,12/22/21,1.5
2407,2408,12/23/21,9.0
2408,2409,12/24/21,10.0
2409,2410,12/25/21,14.0
2410,2411,12/26/21,10.0
2411,2412,12/27/21,10.0
2412,2413,12/28/21,3.0
2413,2414,12/29/21,2.0
2414,2415,12/30/21,9.0
2415,2416,12/31/21,8.0
2416,2417,1/1/22,0.0
2417,2418,1/2/22,0.0
2418,2419,1/3/22,19.0
2419,2420,1/4/22,12.0
2420,2421,1/5/22,12.0
2421,2422,1/6/22,14.0
2422,2423,1/7/22,12.0
2423,2424,1/8/22,6.0
2424,2425,1/9/22,0.0
2425,2426,1/10/22,0.0
2426,2427,1/11/22,0.0
2427,2428,1/12/22,0.0
2428,2429,1/13/22,0.0
2429,2430,1/14/22,0.0
2430,2431,1/15/22,0.0
2431,2432,1/16/22,0.0
2432,2433,1/17/22,0.0
2433,2434,1/18/22,0.0
2434,2435,1/19/22,0.0
2435,2436,1/20/22,0.0
2436,2437,1/21/22,1.0
2437,2438,1/22/22,0.0
2438,2439,1/23/22,0.0
2439,2440,1/24/22,0.0
2440,2441,1/25/22,0.0
2441,2442,1/26/22,0.0
2442,2443,1/27/22,0.0
2443,2444,1/28/22,0.0
2444,2445,1/29/22,0.0
2445,2446,1/30/22,0.0
2446,2447,1/31/22,6.5
2447,2448,2/1/22,6.5
2448,2449,2/2/22,2.0
2449,2450,2/3/22,3.0
2450,2451,2/4/22,0.0
2451,2452,2/5/22,0.0
2452,2453,2/6/22,0.0
2453,2454,2/7/22,0.0
2454,2455,2/8/22,0.0
2455,2456,2/9/22,0.0
2456,2457,2/10/22,0.0
2457,2458,2/11/22,0.0
2458,2459,2/12/22,0.0
2459,2460,2/13/22,0.0
2460,2461,2/14/22,0.0
2461,2462,2/15/22,0.0
2462,2463,2/16/22,0.0
2463,2464,2/17/22,0.0
2464,2465,2/18/22,0.0
2465,2466,2/19/22,0.0
2466,2467,2/20/22,9.0
2467,2468,2/21/22,5.0
2468,2469,2/22/22,1.0
2469,2470,2/23/22,0.0
2470,2471,2/24/22,2.0
2471,2472,2/25/22,0.0
2472,2473,2/26/22,0.0
2473,2474,2/27/22,7.0
2474,2475,2/28/22,21.0
2475,2476,3/1/22,0.0
2476,2477,3/2/22,0.0
2477,2478,3/3/22,0.0
2478,2479,3/4/22,0.0
2479,2480,3/5/22,0.0
2480,2481,3/6/22,0.0
2481,2482,3/7/22,0.0
2482,2483,3/8/22,0.5
2483,2484,3/9/22,0.0
2484,2485,3/10/22,0.0
2485,2486,3/11/22,0.0
2486,2487,3/12/22,0.0
2487,2488,3/13/22,0.0
2488,2489,3/14/22,0.0
2489,2490,3/15/22,1.5
2490,2491,3/16/22,5.5
2491,2492,3/17/22,0.0
2492,2493,3/18/22,0.0
2493,2494,3/19/22,0.0
2494,2495,3/20/22,3.0
2495,2496,3/21/22,7.0
2496,2497,3/22/22,2.0
2497,2498,3/23/22,0.0
2498,2499,3/24/22,0.0
2499,2500,3/25/22,0.0
2500,2501,3/26/22,0.0
2501,2502,3/27/22,0.0
2502,2503,3/28/22,0.0
2503,2504,3/29/22,0.0
2504,2505,3/30/22,0.0
2505,2506,3/31/22,3.5
2506,2507,4/1/22,0.0
2507,2508,4/2/22,0.0
2508,2509,4/3/22,0.0
2509,2510,4/4/22,6.0
2510,2511,4/5/22,8.0
2511,2512,4/6/22,6.0
2512,2513,4/7/22,0.0
2513,2514,4/8/22,0.0
2514,2515,4/9/22,3.0
2515,2516,4/10/22,15.0
2516,2517,4/11/22,8.0
2517,2518,4/12/22,2.0
2518,2519,4/13/22,2.0
2519,2520,4/14/22,4.5
2520,2521,4/15/22,0.5
2521,2522,4/16/22,0.0
2522,2523,4/17/22,3.0
2523,2524,4/18/22,0.0
2524,2525,4/19/22,3.0
2525,2526,4/20/22,0.0
2526,2527,4/21/22,0.0
2527,2528,4/22/22,0.0
2528,2529,4/23/22,0.0
2529,2530,4/24/22,0.0
2530,2531,4/25/22,0.0
2531,2532,4/26/22,0.0
2532,2533,4/27/22,0.0
2533,2534,4/28/22,0.0
2534,2535,4/29/22,1.0
2535,2536,4/30/22,0.0
2536,2537,11/1/22,0.0
2537,2538,11/2/22,0.0
2538,2539,11/3/22,0.0
2539,2540,11/4/22,12.0
2540,2541,11/5/22,0.0
2541,2542,11/6/22,8.0
2542,2543,11/7/22,10.0
2543,2544,11/8/22,0.5
2544,2545,11/9/22,0.0
2545,2546,11/10/22,0.0
2546,2547,11/11/22,0.0
2547,2548,11/12/22,0.0
2548,2549,11/13/22,0.0
2549,2550,11/14/22,0.0
2550,2551,11/15/22,0.0
2551,2552,11/16/22,0.0
2552,2553,11/17/22,0.0
2553,2554,11/18/22,0.0
2554,2555,11/19/22,0.0
2555,2556,11/20/22,0.0
2556,2557,11/21/22,0.0
2557,2558,11/22/22,0.0
2558,2559,11/23/22,9.0
2559,2560,11/24/22,0.0
2560,2561,11/25/22,0.0
2561,2562,11/26/22,0.0
2562,2563,11/27/22,3.0
2563,2564,11/28/22,7.0
2564,2565,11/29/22,2.0
2565,2566,11/30/22,22.0
2566,2567,12/1/22,10.5
2567,2568,12/2/22,2.0
2568,2569,12/3/22,2.0
2569,2570,12/4/22,0.0
2570,2571,12/5/22,1.5
2571,2572,12/6/22,1.5
2572,2573,12/7/22,1.0
2573,2574,12/8/22,3.0
2574,2575,12/9/22,8.0
2575,2576,12/10/22,13.5
2576,2577,12/11/22,3.0
2577,2578,12/12/22,0.0
2578,2579,12/13/22,0.0
2579,2580,12/14/22,0.0
2580,2581,12/15/22,0.0
2581,2582,12/16/22,0.0
2582,2583,12/17/22,0.0
2583,2584,12/18/22,1.5
2584,2585,12/19/22,7.0
2585,2586,12/20/22,8.0
2586,2587,12/21/22,16.0
2587,2588,12/22/22,0.5
2588,2589,12/23/22,5.0
2589,2590,12/24/22,5.0
2590,2591,12/25/22,4.0
2591,2592,12/26/22,0.0
2592,2593,12/27/22,0.0
2593,2594,12/28/22,5.5
2594,2595,12/29/22,2.5
2595,2596,12/30/22,7.0
2596,2597,12/31/22,3.5
2597,2598,1/1/23,1.0
2598,2599,1/2/23,0.0
2599,2600,1/3/23,0.0
2600,2601,1/4/23,1.0
2601,2602,1/5/23,0.0
2602,2603,1/6/23,0.0
2603,2604,1/7/23,0.0
2604,2605,1/8/23,0.5
2605,2606,1/9/23,2.0
2606,2607,1/10/23,4.0
2607,2608,1/11/23,1.5
2608,2609,1/12/23,4.5
2609,2610,1/13/23,1.0
2610,2611,1/14/23,0.0
2611,2612,1/15/23,0.0
2612,2613,1/16/23,3.0
2613,2614,1/17/23,0.0
2614,2615,1/18/23,1.0
2615,2616,1/19/23,12.0
2616,2617,1/20/23,0.0
2617,2618,1/21/23,0.0
2618,2619,1/22/23,7.0
2619,2620,1/23/23,0.0
2620,2621,1/24/23,0.0
2621,2622,1/25/23,0.0
2622,2623,1/26/23,0.0
2623,2624,1/27/23,2.0
2624,2625,1/28/23,0.0
2625,2626,1/29/23,1.0
2626,2627,1/30/23,0.0
2627,2628,1/31/23,0.0
2628,2629,2/1/23,0.0
2629,2630,2/2/23,0.0
2630,2631,2/3/23,0.0
2631,2632,2/4/23,3.0
2632,2633,2/5/23,1.0
2633,2634,2/6/23,1.0
2634,2635,2/7/23,0.5
2635,2636,2/8/23,6.0
2636,2637,2/9/23,0.0
2637,2638,2/10/23,2.0
2638,2639,2/11/23,0.5
2639,2640,2/12/23,0.0
2640,2641,2/13/23,1.0
2641,2642,2/14/23,18.5
2642,2643,2/15/23,0.0
2643,2644,2/16/23,0.0
2644,2645,2/17/23,0.5
2645,2646,2/18/23,3.0
2646,2647,2/19/23,1.0
2647,2648,2/20/23,0.0
2648,2649,2/21/23,7.0
2649,2650,2/22/23,6.0
2650,2651,2/23/23,0.0
2651,2652,2/24/23,0.0
2652,2653,2/25/23,0.0
2653,2654,2/26/23,5.0
2654,2655,2/27/23,7.0
2655,2656,2/28/23,6.0
2656,2657,3/1/23,1.0
2657,2658,3/2/23,2.0
2658,2659,3/3/23,6.0
2659,2660,3/4/23,7.0
2660,2661,3/5/23,1.0
2661,2662,3/6/23,1.0
2662,2663,3/7/23,0.0
2663,2664,3/8/23,0.0
2664,2665,3/9/23,1.0
2665,2666,3/10/23,2.0
2666,2667,3/11/23,6.0
2667,2668,3/12/23,0.0
2668,2669,3/13/23,4.0
2669,2670,3/14/23,6.0
2670,2671,3/15/23,4.0
2671,2672,3/16/23,1.0
2672,2673,3/17/23,0.0
2673,2674,3/18/23,0.0
2674,2675,3/19/23,0.0
2675,2676,3/20/23,0.0
2676,2677,3/21/23,0.0
2677,2678,3/22/23,0.0
2678,2679,3/23/23,0.0
2679,2680,3/24/23,3.0
2680,2681,3/25/23,4.0
2681,2682,3/26/23,0.0
2682,2683,3/27/23,2.0
2683,2684,3/28/23,0.0
2684,2685,3/29/23,0.0
2685,2686,3/30/23,0.0
2686,2687,3/31/23,0.0
2687,2688,4/1/23,7.0
2688,2689,4/2/23,3.0
2689,2690,4/3/23,4.0
2690,2691,4/4/23,1.0
2691,2692,4/5/23,0.0
2692,2693,4/6/23,0.0
2693,2694,4/7/23,0.0
2694,2695,4/8/23,0.0
2695,2696,4/9/23,0.0
2696,2697,4/10/23,0.0
2697,2698,4/11/23,0.0
2698,2699,4/12/23,1.0
2699,2700,4/13/23,0.0
2700,2701,4/14/23,0.0
2701,2702,4/15/23,0.0
2702,2703,4/16/23,0.0
2703,2704,4/17/23,2.0
2704,2705,4/18/23,2.0
2705,2706,4/19/23,0.0
2706,2707,4/20/23,0.0
2707,2708,4/21/23,5.0
2708,2709,4/22/23,0.0
2709,2710,4/23/23,0.0
2710,2711,4/24/23,2.0
2711,2712,4/25/23,0.0
2712,2713,4/26/23,0.0
2713,2714,4/27/23,0.0
2714,2715,4/28/23,0.0
2715,2716,4/29/23,0.0
2716,2717,4/30/23,0.0
2717,2718,11/1/23,0.0
2718,2719,11/2/23,0.0
2719,2720,11/3/23,0.0
2720,2721,11/4/23,0.0
2721,2722,11/5/23,0.0
2722,2723,11/6/23,0.0
2723,2724,11/7/23,0.0
2724,2725,11/8/23,0.0
2725,2726,11/9/23,0.0
2726,2727,11/10/23,0.0
2727,2728,11/11/23,0.0
2728,2729,11/12/23,0.0
2729,2730,11/13/23,0.0
2730,2731,11/14/23,0.0
2731,2732,11/15/23,0.0
2732,2733,11/16/23,0.0
2733,2734,11/17/23,0.0
2734,2735,11/18/23,0.0
2735,2736,11/19/23,0.0
2736,2737,11/20/23,1.0
2737,2738,11/21/23,0.0
2738,2739,11/22/23,0.0
2739,2740,11/23/23,0.0
2740,2741,11/24/23,0.0
2741,2742,11/25/23,0.0
2742,2743,11/26/23,0.0
2743,2744,11/27/23,0.0
2744,2745,11/28/23,0.0
2745,2746,11/29/23,0.0
2746,2747,11/30/23,0.5
2747,2748,12/1/23,3.0
2748,2749,12/2/23,18.0
2749,2750,12/3/23,4.0
2750,2751,12/4/23,4.0
2751,2752,12/5/23,0.0
2752,2753,12/6/23,0.0
2753,2754,12/7/23,1.0
2754,2755,12/8/23,15.0
2755,2756,12/9/23,3.0
2756,2757,12/10/23,10.0
2757,2758,12/11/23,0.0
2758,2759,12/12/23,0.0
2759,2760,12/13/23,0.0
2760,2761,12/14/23,0.0
2761,2762,12/15/23,1.0
2762,2763,12/16/23,0.0
2763,2764,12/17/23,0.0
2764,2765,12/18/23,0.0
2765,2766,12/19/23,0.5
2766,2767,12/20/23,2.0
2767,2768,12/21/23,0.0
2768,2769,12/22/23,0.0
2769,2770,12/23/23,8.0
2770,2771,12/24/23,0.0
2771,2772,12/25/23,0.0
2772,2773,12/26/23,5.0
2773,2774,12/27/23,0.5
2774,2775,12/28/23,0.5
2775,2776,12/29/23,0.0
2776,2777,12/30/23,0.0
2777,2778,12/31/23,0.0
2778,2779,1/1/24,0.0
2779,2780,1/2/24,0.0
2780,2781,1/3/24,4.0
2781,2782,1/4/24,2.0
2782,2783,1/5/24,3.5
2783,2784,1/6/24,12.5
2784,2785,1/7/24,5.5
2785,2786,1/8/24,0.5
2786,2787,1/9/24,19.0
2787,2788,1/10/24,8.0
2788,2789,1/11/24,3.5
2789,2790,1/12/24,9.0
2790,2791,1/13/24,1.0
2791,2792,1/14/24,0.0
2792,2793,1/15/24,0.0
2793,2794,1/16/24,0.0
2794,2795,1/17/24,4.0
2795,2796,1/18/24,9.0
2796,2797,1/19/24,6.0
2797,2798,1/20/24,0.5
2798,2799,1/21/24,2.5
2799,2800,1/22/24,6.0
2800,2801,1/23/24,2.5
2801,2802,1/24/24,1.0
2802,2803,1/25/24,7.5
2803,2804,1/26/24,1.0
2804,2805,1/27/24,0.0
2805,2806,1/28/24,0.0
2806,2807,1/29/24,0.0
2807,2808,1/30/24,0.0
2808,2809,1/31/24,0.0
2809,2810,2/1/24,0.0
2810,2811,2/2/24,0.0
2811,2812,2/3/24,0.0
2812,2813,2/4/24,0.0
2813,2814,2/5/24,0.5
2814,2815,2/6/24,1.0
2815,2816,2/7/24,0.0
2816,2817,2/8/24,0.0
2817,2818,2/9/24,3.5
2818,2819,2/10/24,0.0
2819,2820,2/11/24,1.5
2820,2821,2/12/24,2.0
2821,2822,2/13/24,0.0
2822,2823,2/14/24,0.0
2823,2824,2/15/24,3.0
2824,2825,2/16/24,0.5
2825,2826,2/17/24,0.0
2826,2827,2/18/24,0.0
2827,2828,2/19/24,0.5
2828,2829,2/20/24,1.5
2829,2830,2/21/24,0.5
2830,2831,2/22/24,0.5
2831,2832,2/23/24,0.0
2832,2833,2/24/24,0.0
2833,2834,2/25/24,0.0
2834,2835,2/26/24,13.0
2835,2836,2/27/24,8.5
2836,2837,2/28/24,10.0
2837,2838,2/29/24,3.5
2838,2839,3/1/24,2.0
2839,2840,3/2/24,4.0
2840,2841,3/3/24,2.0
2841,2842,3/4/24,8.5
2842,2843,3/5/24,1.5
2843,2844,3/6/24,0.0
2844,2845,3/7/24,0.0
2845,2846,3/8/24,0.0
2846,2847,3/9/24,0.0
2847,2848,3/10/24,3.0
2848,2849,3/11/24,1.5
2849,2850,3/12/24,3.0
2850,2851,3/13/24,5.0
2851,2852,3/14/24,0.0
2852,2853,3/15/24,0.0
2853,2854,3/16/24,0.0
2854,2855,3/17/24,0.0
2855,2856,3/18/24,0.0
2856,2857,3/19/24,0.0
2857,2858,3/20/24,0.0
2858,2859,3/21/24,0.0
2859,2860,3/22/24,0.0
2860,2861,3/23/24,0.0
2861,2862,3/24/24,0.0
2862,2863,3/25/24,0.0
2863,2864,3/26/24,2.0
2864,2865,3/27/24,1.0
2865,2866,3/28/24,5.0
2866,2867,3/29/24,0.0
2867,2868,3/30/24,0.0
2868,2869,3/31/24,0.0
2869,2870,4/1/24,0.0
2870,2871,4/2/24,0.0
2871,2872,4/3/24,0.5
2872,2873,4/4/24,0.0
2873,2874,4/5/24,1.5
2874,2875,4/6/24,0.0
2875,2876,4/7/24,0.0
2876,2877,4/8/24,0.0
2877,2878,4/9/24,0.0
2878,2879,4/10/24,0.0
2879,2880,4/11/24,0.0
2880,2881,4/12/24,0.0
2881,2882,4/13/24,0.0
2882,2883,4/14/24,0.0
2883,2884,4/15/24,0.0
2884,2885,4/16/24,0.5
2885,2886,4/17/24,0.0
2886,2887,4/18/24,0.0
2887,2888,4/19/24,0.0
2888,2889,4/20/24,0.0
2889,2890,4/21/24,0.0
2890,2891,4/22/24,0.0
2891,2892,4/23/24,0.0
2892,2893,4/24/24,0.0
2893,2894,4/25/24,0.0
2894,2895,4/26/24,0.0
2895,2896,4/27/24,0.0
2896,2897,4/28/24,0.0
2897,2898,4/29/24,0.0
